"ID","Curve Batch Name","x","y","Sample Name"
"Saturation Regime 001","Saturation Regime",0,6487.95,"0"
"Saturation Regime 001","Saturation Regime",30,263398.607969694,"30"
"Saturation Regime 001","Saturation Regime",60,458372.915563188,"60"
"Saturation Regime 001","Saturation Regime",90,516949.300147459,"90"
"Saturation Regime 001","Saturation Regime",120,571478.850070323,"120"
"Saturation Regime 001","Saturation Regime",150,613376.068410571,"150"
"Saturation Regime 001","Saturation Regime",180,623090.697664915,"180"
"Saturation Regime 002","Saturation Regime",0,5834.22,"0"
"Saturation Regime 002","Saturation Regime",30,232282.26369817,"30"
"Saturation Regime 002","Saturation Regime",60,405556.447670577,"60"
"Saturation Regime 002","Saturation Regime",90,468986.467423878,"90"
"Saturation Regime 002","Saturation Regime",120,516427.427941384,"120"
"Saturation Regime 002","Saturation Regime",150,542224.394396072,"150"
"Saturation Regime 002","Saturation Regime",180,556692.670011673,"180"
"Saturation Regime 003","Saturation Regime",0,5958.44727830951,"0"
"Saturation Regime 003","Saturation Regime",30,190180.533711106,"30"
"Saturation Regime 003","Saturation Regime",60,375828.420200393,"60"
"Saturation Regime 003","Saturation Regime",90,434708.941688668,"90"
"Saturation Regime 003","Saturation Regime",120,478093.926356957,"120"
"Saturation Regime 003","Saturation Regime",150,513826.682410641,"150"
"Saturation Regime 003","Saturation Regime",180,527817.089516351,"180"
"Saturation Regime 004","Saturation Regime",0,7388.79,"0"
"Saturation Regime 004","Saturation Regime",30,260797.895608125,"30"
"Saturation Regime 004","Saturation Regime",60,503926.033497455,"60"
"Saturation Regime 004","Saturation Regime",90,590223.208845384,"90"
"Saturation Regime 004","Saturation Regime",120,635862.279374987,"120"
"Saturation Regime 004","Saturation Regime",150,695138.799039538,"150"
"Saturation Regime 004","Saturation Regime",180,709450.571865251,"180"
"Saturation Regime 005","Saturation Regime",0,11219.6396713459,"0"
"Saturation Regime 005","Saturation Regime",30,442004.991950712,"30"
"Saturation Regime 005","Saturation Regime",60,674870.040271243,"60"
"Saturation Regime 005","Saturation Regime",90,804035.567871816,"90"
"Saturation Regime 005","Saturation Regime",120,879028.395638835,"120"
"Saturation Regime 005","Saturation Regime",150,918686.620327691,"150"
"Saturation Regime 005","Saturation Regime",180,946460.607867909,"180"
"Saturation Regime 006","Saturation Regime",0,2089.09,"0"
"Saturation Regime 006","Saturation Regime",30,84982.4102831704,"30"
"Saturation Regime 006","Saturation Regime",60,127556.522528414,"60"
"Saturation Regime 006","Saturation Regime",90,177169.806215056,"90"
"Saturation Regime 006","Saturation Regime",120,187614.690086613,"120"
"Saturation Regime 006","Saturation Regime",150,191583.1821524,"150"
"Saturation Regime 006","Saturation Regime",180,199532.617943273,"180"
"Saturation Regime 007","Saturation Regime",0,8736.98644890855,"0"
"Saturation Regime 007","Saturation Regime",30,322070.4016766,"30"
"Saturation Regime 007","Saturation Regime",60,518479.091966043,"60"
"Saturation Regime 007","Saturation Regime",90,621991.580549003,"90"
"Saturation Regime 007","Saturation Regime",120,687542.765497934,"120"
"Saturation Regime 007","Saturation Regime",150,737552.070158223,"150"
"Saturation Regime 007","Saturation Regime",180,748708.736640556,"180"
"Saturation Regime 008","Saturation Regime",0,3340.48936065798,"0"
"Saturation Regime 008","Saturation Regime",30,128745.350558552,"30"
"Saturation Regime 008","Saturation Regime",60,203135.877616231,"60"
"Saturation Regime 008","Saturation Regime",90,247225.709685545,"90"
"Saturation Regime 008","Saturation Regime",120,267634.28082283,"120"
"Saturation Regime 008","Saturation Regime",150,284298.314326122,"150"
"Saturation Regime 008","Saturation Regime",180,292416.397905863,"180"
"Saturation Regime 009","Saturation Regime",0,9062.02479548861,"0"
"Saturation Regime 009","Saturation Regime",30,373445.573196551,"30"
"Saturation Regime 009","Saturation Regime",60,568275.154139834,"60"
"Saturation Regime 009","Saturation Regime",90,708956.967765389,"90"
"Saturation Regime 009","Saturation Regime",120,790401.08332924,"120"
"Saturation Regime 009","Saturation Regime",150,800677.132243021,"150"
"Saturation Regime 009","Saturation Regime",180,818126.098784597,"180"
"Saturation Regime 010","Saturation Regime",0,4164.1,"0"
"Saturation Regime 010","Saturation Regime",30,162115.186040876,"30"
"Saturation Regime 010","Saturation Regime",60,286653.304562247,"60"
"Saturation Regime 010","Saturation Regime",90,328172.859580402,"90"
"Saturation Regime 010","Saturation Regime",120,357803.341400922,"120"
"Saturation Regime 010","Saturation Regime",150,387299.404694111,"150"
"Saturation Regime 010","Saturation Regime",180,398390.351743284,"180"
"Saturation Regime 011","Saturation Regime",0,7295.66562289133,"0"
"Saturation Regime 011","Saturation Regime",30,276632.392444082,"30"
"Saturation Regime 011","Saturation Regime",60,466114.139556822,"60"
"Saturation Regime 011","Saturation Regime",90,544939.702877464,"90"
"Saturation Regime 011","Saturation Regime",120,610080.578724612,"120"
"Saturation Regime 011","Saturation Regime",150,648150.58518998,"150"
"Saturation Regime 011","Saturation Regime",180,662635.662531684,"180"
"Saturation Regime 012","Saturation Regime",0,2009.96347202801,"0"
"Saturation Regime 012","Saturation Regime",30,77356.6157177553,"30"
"Saturation Regime 012","Saturation Regime",60,115416.985118375,"60"
"Saturation Regime 012","Saturation Regime",90,137516.919731541,"90"
"Saturation Regime 012","Saturation Regime",120,149164.549852358,"120"
"Saturation Regime 012","Saturation Regime",150,161722.650106422,"150"
"Saturation Regime 012","Saturation Regime",180,163790.946459533,"180"
"Saturation Regime 013","Saturation Regime",0,12206.2486194824,"0"
"Saturation Regime 013","Saturation Regime",30,403477.014205272,"30"
"Saturation Regime 013","Saturation Regime",60,615188.690501217,"60"
"Saturation Regime 013","Saturation Regime",90,773283.254627785,"90"
"Saturation Regime 013","Saturation Regime",120,877859.039318906,"120"
"Saturation Regime 013","Saturation Regime",150,920562.472122936,"150"
"Saturation Regime 013","Saturation Regime",180,950031.486129061,"180"
"Saturation Regime 014","Saturation Regime",0,4846.54,"0"
"Saturation Regime 014","Saturation Regime",30,186974.312762769,"30"
"Saturation Regime 014","Saturation Regime",60,289296.049556753,"60"
"Saturation Regime 014","Saturation Regime",90,380825.295542579,"90"
"Saturation Regime 014","Saturation Regime",120,433014.669455968,"120"
"Saturation Regime 014","Saturation Regime",150,447110.451882324,"150"
"Saturation Regime 014","Saturation Regime",180,465887.033111016,"180"
"Saturation Regime 015","Saturation Regime",0,8298.38,"0"
"Saturation Regime 015","Saturation Regime",30,359540.617995266,"30"
"Saturation Regime 015","Saturation Regime",60,550837.058980841,"60"
"Saturation Regime 015","Saturation Regime",90,661914.689938551,"90"
"Saturation Regime 015","Saturation Regime",120,720736.069663014,"120"
"Saturation Regime 015","Saturation Regime",150,763281.291425009,"150"
"Saturation Regime 015","Saturation Regime",180,789451.000284415,"180"
"Saturation Regime 016","Saturation Regime",0,4197.19,"0"
"Saturation Regime 016","Saturation Regime",30,166420.035914406,"30"
"Saturation Regime 016","Saturation Regime",60,270661.256755008,"60"
"Saturation Regime 016","Saturation Regime",90,352616.881981779,"90"
"Saturation Regime 016","Saturation Regime",120,364461.544097312,"120"
"Saturation Regime 016","Saturation Regime",150,390603.763831691,"150"
"Saturation Regime 016","Saturation Regime",180,402110.825056637,"180"
"Saturation Regime 017","Saturation Regime",0,1418.34,"0"
"Saturation Regime 017","Saturation Regime",30,66228.1285908631,"30"
"Saturation Regime 017","Saturation Regime",60,94872.0544077217,"60"
"Saturation Regime 017","Saturation Regime",90,112909.538672015,"90"
"Saturation Regime 017","Saturation Regime",120,123681.139137167,"120"
"Saturation Regime 017","Saturation Regime",150,128753.583943064,"150"
"Saturation Regime 017","Saturation Regime",180,136794.224288476,"180"
"Saturation Regime 018","Saturation Regime",0,9216.01788047117,"0"
"Saturation Regime 018","Saturation Regime",30,401770.338957617,"30"
"Saturation Regime 018","Saturation Regime",60,501970.786734187,"60"
"Saturation Regime 018","Saturation Regime",90,674428.923059921,"90"
"Saturation Regime 018","Saturation Regime",120,726212.101734207,"120"
"Saturation Regime 018","Saturation Regime",150,757770.783710006,"150"
"Saturation Regime 018","Saturation Regime",180,787465.324382226,"180"
"Saturation Regime 019","Saturation Regime",0,315.17,"0"
"Saturation Regime 019","Saturation Regime",30,11382.4270692541,"30"
"Saturation Regime 019","Saturation Regime",60,21334.6219437777,"60"
"Saturation Regime 019","Saturation Regime",90,26675.6419521452,"90"
"Saturation Regime 019","Saturation Regime",120,27047.8139859455,"120"
"Saturation Regime 019","Saturation Regime",150,29504.5626931985,"150"
"Saturation Regime 019","Saturation Regime",180,30327.5239211755,"180"
"Saturation Regime 020","Saturation Regime",0,193.92,"0"
"Saturation Regime 020","Saturation Regime",30,7950.94542643239,"30"
"Saturation Regime 020","Saturation Regime",60,12489.1772028541,"60"
"Saturation Regime 020","Saturation Regime",90,15684.6454409543,"90"
"Saturation Regime 020","Saturation Regime",120,16925.595304678,"120"
"Saturation Regime 020","Saturation Regime",150,18190.419648883,"150"
"Saturation Regime 020","Saturation Regime",180,18524.9812161113,"180"
"Saturation Regime 021","Saturation Regime",0,5007.91,"0"
"Saturation Regime 021","Saturation Regime",30,184536.579710287,"30"
"Saturation Regime 021","Saturation Regime",60,382421.86118956,"60"
"Saturation Regime 021","Saturation Regime",90,393056.867159451,"90"
"Saturation Regime 021","Saturation Regime",120,442464.327330969,"120"
"Saturation Regime 021","Saturation Regime",150,468058.267929104,"150"
"Saturation Regime 021","Saturation Regime",180,478067.307399173,"180"
"Saturation Regime 022","Saturation Regime",0,7716.67334111938,"0"
"Saturation Regime 022","Saturation Regime",30,297403.020571963,"30"
"Saturation Regime 022","Saturation Regime",60,479756.162648397,"60"
"Saturation Regime 022","Saturation Regime",90,581043.561830406,"90"
"Saturation Regime 022","Saturation Regime",120,667773.530731291,"120"
"Saturation Regime 022","Saturation Regime",150,673698.499262955,"150"
"Saturation Regime 022","Saturation Regime",180,695657.517719141,"180"
"Saturation Regime 023","Saturation Regime",0,5130.28358098399,"0"
"Saturation Regime 023","Saturation Regime",30,211001.461408683,"30"
"Saturation Regime 023","Saturation Regime",60,312882.726579334,"60"
"Saturation Regime 023","Saturation Regime",90,377165.881695284,"90"
"Saturation Regime 023","Saturation Regime",120,440861.080707528,"120"
"Saturation Regime 023","Saturation Regime",150,453532.362645778,"150"
"Saturation Regime 023","Saturation Regime",180,467023.170362954,"180"
"Saturation Regime 024","Saturation Regime",0,3875.8,"0"
"Saturation Regime 024","Saturation Regime",30,176256.123632844,"30"
"Saturation Regime 024","Saturation Regime",60,254422.455207395,"60"
"Saturation Regime 024","Saturation Regime",90,315292.529754402,"90"
"Saturation Regime 024","Saturation Regime",120,337499.278143534,"120"
"Saturation Regime 024","Saturation Regime",150,360613.141830234,"150"
"Saturation Regime 024","Saturation Regime",180,370369.098323293,"180"
"Saturation Regime 025","Saturation Regime",0,9264.87,"0"
"Saturation Regime 025","Saturation Regime",30,339693.391949601,"30"
"Saturation Regime 025","Saturation Regime",60,668360.061266063,"60"
"Saturation Regime 025","Saturation Regime",90,750215.719869024,"90"
"Saturation Regime 025","Saturation Regime",120,795638.367905767,"120"
"Saturation Regime 025","Saturation Regime",150,854385.613396582,"150"
"Saturation Regime 025","Saturation Regime",180,880485.229289072,"180"
"Saturation Regime 026","Saturation Regime",0,8865.88145661066,"0"
"Saturation Regime 026","Saturation Regime",30,300285.972921097,"30"
"Saturation Regime 026","Saturation Regime",60,498617.956300745,"60"
"Saturation Regime 026","Saturation Regime",90,582405.817538546,"90"
"Saturation Regime 026","Saturation Regime",120,646379.996321283,"120"
"Saturation Regime 026","Saturation Regime",150,682923.555750721,"150"
"Saturation Regime 026","Saturation Regime",180,707811.995712628,"180"
"Saturation Regime 027","Saturation Regime",0,9172.83,"0"
"Saturation Regime 027","Saturation Regime",30,384066.569026676,"30"
"Saturation Regime 027","Saturation Regime",60,607091.790320581,"60"
"Saturation Regime 027","Saturation Regime",90,756926.577805923,"90"
"Saturation Regime 027","Saturation Regime",120,798511.436907632,"120"
"Saturation Regime 027","Saturation Regime",150,842404.699367823,"150"
"Saturation Regime 027","Saturation Regime",180,887732.236517995,"180"
"Saturation Regime 028","Saturation Regime",0,6339.52,"0"
"Saturation Regime 028","Saturation Regime",30,234156.202593894,"30"
"Saturation Regime 028","Saturation Regime",60,386665.075939218,"60"
"Saturation Regime 028","Saturation Regime",90,495136.806620422,"90"
"Saturation Regime 028","Saturation Regime",120,563355.626539581,"120"
"Saturation Regime 028","Saturation Regime",150,595511.842370926,"150"
"Saturation Regime 028","Saturation Regime",180,609788.739952425,"180"
"Saturation Regime 029","Saturation Regime",0,9435.48347647434,"0"
"Saturation Regime 029","Saturation Regime",30,363543.337562294,"30"
"Saturation Regime 029","Saturation Regime",60,588461.026953103,"60"
"Saturation Regime 029","Saturation Regime",90,763801.930480948,"90"
"Saturation Regime 029","Saturation Regime",120,806686.172126203,"120"
"Saturation Regime 029","Saturation Regime",150,886436.621152539,"150"
"Saturation Regime 029","Saturation Regime",180,895055.001858846,"180"
"Saturation Regime 030","Saturation Regime",0,3810.22,"0"
"Saturation Regime 030","Saturation Regime",30,149913.873579227,"30"
"Saturation Regime 030","Saturation Regime",60,231978.000002626,"60"
"Saturation Regime 030","Saturation Regime",90,301232.023065068,"90"
"Saturation Regime 030","Saturation Regime",120,337379.983035207,"120"
"Saturation Regime 030","Saturation Regime",150,354929.44545389,"150"
"Saturation Regime 030","Saturation Regime",180,363041.513139305,"180"
"Saturation Regime 031","Saturation Regime",0,7241.43,"0"
"Saturation Regime 031","Saturation Regime",30,339489.884410194,"30"
"Saturation Regime 031","Saturation Regime",60,445300.541711262,"60"
"Saturation Regime 031","Saturation Regime",90,572568.471591742,"90"
"Saturation Regime 031","Saturation Regime",120,658366.094706595,"120"
"Saturation Regime 031","Saturation Regime",150,671477.953219796,"150"
"Saturation Regime 031","Saturation Regime",180,687418.525268107,"180"
"Saturation Regime 032","Saturation Regime",0,2228.4908347868,"0"
"Saturation Regime 032","Saturation Regime",30,83288.5669511266,"30"
"Saturation Regime 032","Saturation Regime",60,131885.072585351,"60"
"Saturation Regime 032","Saturation Regime",90,163517.212232203,"90"
"Saturation Regime 032","Saturation Regime",120,182964.231948922,"120"
"Saturation Regime 032","Saturation Regime",150,196274.368939638,"150"
"Saturation Regime 032","Saturation Regime",180,198932.68268276,"180"
"Saturation Regime 033","Saturation Regime",0,7659.6,"0"
"Saturation Regime 033","Saturation Regime",30,274644.351723774,"30"
"Saturation Regime 033","Saturation Regime",60,487044.852880625,"60"
"Saturation Regime 033","Saturation Regime",90,599813.752474635,"90"
"Saturation Regime 033","Saturation Regime",120,673676.082699713,"120"
"Saturation Regime 033","Saturation Regime",150,720971.451236711,"150"
"Saturation Regime 033","Saturation Regime",180,744166.025135333,"180"
"Saturation Regime 034","Saturation Regime",0,7113.52,"0"
"Saturation Regime 034","Saturation Regime",30,249273.625937042,"30"
"Saturation Regime 034","Saturation Regime",60,455518.915146254,"60"
"Saturation Regime 034","Saturation Regime",90,567118.799395039,"90"
"Saturation Regime 034","Saturation Regime",120,634717.225560786,"120"
"Saturation Regime 034","Saturation Regime",150,667172.104301969,"150"
"Saturation Regime 034","Saturation Regime",180,684137.701777175,"180"
"Saturation Regime 035","Saturation Regime",0,11219.1393597376,"0"
"Saturation Regime 035","Saturation Regime",30,396599.827334062,"30"
"Saturation Regime 035","Saturation Regime",60,657003.875076653,"60"
"Saturation Regime 035","Saturation Regime",90,793869.526507227,"90"
"Saturation Regime 035","Saturation Regime",120,882258.927081929,"120"
"Saturation Regime 035","Saturation Regime",150,925016.604367582,"150"
"Saturation Regime 035","Saturation Regime",180,943828.690015541,"180"
"Saturation Regime 036","Saturation Regime",0,3804.22343380057,"0"
"Saturation Regime 036","Saturation Regime",30,145606.248232776,"30"
"Saturation Regime 036","Saturation Regime",60,236592.850313063,"60"
"Saturation Regime 036","Saturation Regime",90,287239.065699419,"90"
"Saturation Regime 036","Saturation Regime",120,317447.84256981,"120"
"Saturation Regime 036","Saturation Regime",150,339888.337727394,"150"
"Saturation Regime 036","Saturation Regime",180,344051.452407493,"180"
"Saturation Regime 037","Saturation Regime",0,11444.3259215316,"0"
"Saturation Regime 037","Saturation Regime",30,441515.749266151,"30"
"Saturation Regime 037","Saturation Regime",60,675302.124320453,"60"
"Saturation Regime 037","Saturation Regime",90,761599.432449964,"90"
"Saturation Regime 037","Saturation Regime",120,888202.536258839,"120"
"Saturation Regime 037","Saturation Regime",150,905933.315821546,"150"
"Saturation Regime 037","Saturation Regime",180,944944.628592971,"180"
"Saturation Regime 038","Saturation Regime",0,4007.94019685221,"0"
"Saturation Regime 038","Saturation Regime",30,183735.164297109,"30"
"Saturation Regime 038","Saturation Regime",60,251423.782210526,"60"
"Saturation Regime 038","Saturation Regime",90,310315.342677514,"90"
"Saturation Regime 038","Saturation Regime",120,345117.12068054,"120"
"Saturation Regime 038","Saturation Regime",150,366694.176230652,"150"
"Saturation Regime 038","Saturation Regime",180,381532.741238725,"180"
"Saturation Regime 039","Saturation Regime",0,3178.81,"0"
"Saturation Regime 039","Saturation Regime",30,134169.85865834,"30"
"Saturation Regime 039","Saturation Regime",60,221105.838296432,"60"
"Saturation Regime 039","Saturation Regime",90,268565.127649128,"90"
"Saturation Regime 039","Saturation Regime",120,285952.580800954,"120"
"Saturation Regime 039","Saturation Regime",150,297485.228745561,"150"
"Saturation Regime 039","Saturation Regime",180,301049.119324192,"180"
"Saturation Regime 040","Saturation Regime",0,9427.48,"0"
"Saturation Regime 040","Saturation Regime",30,414778.815156484,"30"
"Saturation Regime 040","Saturation Regime",60,612759.550192637,"60"
"Saturation Regime 040","Saturation Regime",90,720540.350344298,"90"
"Saturation Regime 040","Saturation Regime",120,853831.102660071,"120"
"Saturation Regime 040","Saturation Regime",150,883715.376715483,"150"
"Saturation Regime 040","Saturation Regime",180,904113.741929787,"180"
"Saturation Regime 041","Saturation Regime",0,9404.78,"0"
"Saturation Regime 041","Saturation Regime",30,412318.204176062,"30"
"Saturation Regime 041","Saturation Regime",60,597956.879772026,"60"
"Saturation Regime 041","Saturation Regime",90,763453.516737398,"90"
"Saturation Regime 041","Saturation Regime",120,825545.097441451,"120"
"Saturation Regime 041","Saturation Regime",150,878972.524224883,"150"
"Saturation Regime 041","Saturation Regime",180,908230.305714829,"180"
"Saturation Regime 042","Saturation Regime",0,1197.4280216807,"0"
"Saturation Regime 042","Saturation Regime",30,38603.3948131349,"30"
"Saturation Regime 042","Saturation Regime",60,65436.5963623264,"60"
"Saturation Regime 042","Saturation Regime",90,86567.8875800401,"90"
"Saturation Regime 042","Saturation Regime",120,92040.0123930079,"120"
"Saturation Regime 042","Saturation Regime",150,94431.6154857727,"150"
"Saturation Regime 042","Saturation Regime",180,98745.8252349413,"180"
"Saturation Regime 043","Saturation Regime",0,103.62513593854,"0"
"Saturation Regime 043","Saturation Regime",30,3770.59882839128,"30"
"Saturation Regime 043","Saturation Regime",60,6195.64477157593,"60"
"Saturation Regime 043","Saturation Regime",90,7515.46145771131,"90"
"Saturation Regime 043","Saturation Regime",120,8314.02047206989,"120"
"Saturation Regime 043","Saturation Regime",150,8528.61213859672,"150"
"Saturation Regime 043","Saturation Regime",180,8789.52295893299,"180"
"Saturation Regime 044","Saturation Regime",0,3557.92,"0"
"Saturation Regime 044","Saturation Regime",30,134811.677322072,"30"
"Saturation Regime 044","Saturation Regime",60,230357.708879335,"60"
"Saturation Regime 044","Saturation Regime",90,291701.965417613,"90"
"Saturation Regime 044","Saturation Regime",120,301327.304653965,"120"
"Saturation Regime 044","Saturation Regime",150,328756.792378839,"150"
"Saturation Regime 044","Saturation Regime",180,340949.568801337,"180"
"Saturation Regime 045","Saturation Regime",0,9462.28843929311,"0"
"Saturation Regime 045","Saturation Regime",30,387057.702715714,"30"
"Saturation Regime 045","Saturation Regime",60,588191.04147393,"60"
"Saturation Regime 045","Saturation Regime",90,662434.529333549,"90"
"Saturation Regime 045","Saturation Regime",120,829277.176164485,"120"
"Saturation Regime 045","Saturation Regime",150,835022.048690813,"150"
"Saturation Regime 045","Saturation Regime",180,866855.208921115,"180"
"Saturation Regime 046","Saturation Regime",0,10683.1754639089,"0"
"Saturation Regime 046","Saturation Regime",30,411802.255210437,"30"
"Saturation Regime 046","Saturation Regime",60,599392.407987692,"60"
"Saturation Regime 046","Saturation Regime",90,745771.64539755,"90"
"Saturation Regime 046","Saturation Regime",120,800806.005885917,"120"
"Saturation Regime 046","Saturation Regime",150,868661.911201279,"150"
"Saturation Regime 046","Saturation Regime",180,885282.025426581,"180"
"Saturation Regime 047","Saturation Regime",0,6480.45,"0"
"Saturation Regime 047","Saturation Regime",30,257578.842781175,"30"
"Saturation Regime 047","Saturation Regime",60,441702.872389996,"60"
"Saturation Regime 047","Saturation Regime",90,523314.832868195,"90"
"Saturation Regime 047","Saturation Regime",120,563374.572555414,"120"
"Saturation Regime 047","Saturation Regime",150,595117.084044012,"150"
"Saturation Regime 047","Saturation Regime",180,621120.709262895,"180"
"Saturation Regime 048","Saturation Regime",0,5116.73,"0"
"Saturation Regime 048","Saturation Regime",30,212660.169644662,"30"
"Saturation Regime 048","Saturation Regime",60,337715.130301152,"60"
"Saturation Regime 048","Saturation Regime",90,408996.045713523,"90"
"Saturation Regime 048","Saturation Regime",120,441013.675842638,"120"
"Saturation Regime 048","Saturation Regime",150,477409.21178504,"150"
"Saturation Regime 048","Saturation Regime",180,494262.683825684,"180"
"Saturation Regime 049","Saturation Regime",0,7808.8,"0"
"Saturation Regime 049","Saturation Regime",30,311182.435913079,"30"
"Saturation Regime 049","Saturation Regime",60,519531.415911462,"60"
"Saturation Regime 049","Saturation Regime",90,608497.66620482,"90"
"Saturation Regime 049","Saturation Regime",120,659285.023859856,"120"
"Saturation Regime 049","Saturation Regime",150,731771.518988346,"150"
"Saturation Regime 049","Saturation Regime",180,743802.01231708,"180"
"Saturation Regime 050","Saturation Regime",0,5586.90794119936,"0"
"Saturation Regime 050","Saturation Regime",30,176367.665585638,"30"
"Saturation Regime 050","Saturation Regime",60,311597.103307274,"60"
"Saturation Regime 050","Saturation Regime",90,349029.867887291,"90"
"Saturation Regime 050","Saturation Regime",120,398741.823182394,"120"
"Saturation Regime 050","Saturation Regime",150,423607.658581122,"150"
"Saturation Regime 050","Saturation Regime",180,434067.997100223,"180"
"Saturation Regime 051","Saturation Regime",0,204,"0"
"Saturation Regime 051","Saturation Regime",30,8950.96762026778,"30"
"Saturation Regime 051","Saturation Regime",60,12189.0680590018,"60"
"Saturation Regime 051","Saturation Regime",90,16044.8475127142,"90"
"Saturation Regime 051","Saturation Regime",120,18173.3983522009,"120"
"Saturation Regime 051","Saturation Regime",150,18827.1648339814,"150"
"Saturation Regime 051","Saturation Regime",180,19562.7379746113,"180"
"Saturation Regime 052","Saturation Regime",0,9306.38873240187,"0"
"Saturation Regime 052","Saturation Regime",30,392151.188810939,"30"
"Saturation Regime 052","Saturation Regime",60,581232.795984403,"60"
"Saturation Regime 052","Saturation Regime",90,702561.482449814,"90"
"Saturation Regime 052","Saturation Regime",120,748724.305468888,"120"
"Saturation Regime 052","Saturation Regime",150,830017.864488023,"150"
"Saturation Regime 052","Saturation Regime",180,859412.755088875,"180"
"Saturation Regime 053","Saturation Regime",0,2434.75,"0"
"Saturation Regime 053","Saturation Regime",30,116656.99006403,"30"
"Saturation Regime 053","Saturation Regime",60,161494.150202123,"60"
"Saturation Regime 053","Saturation Regime",90,194329.014862668,"90"
"Saturation Regime 053","Saturation Regime",120,218907.543284261,"120"
"Saturation Regime 053","Saturation Regime",150,224266.31383261,"150"
"Saturation Regime 053","Saturation Regime",180,232476.795457253,"180"
"Saturation Regime 054","Saturation Regime",0,4954.85530038451,"0"
"Saturation Regime 054","Saturation Regime",30,234384.257303921,"30"
"Saturation Regime 054","Saturation Regime",60,299128.123744249,"60"
"Saturation Regime 054","Saturation Regime",90,390987.585319748,"90"
"Saturation Regime 054","Saturation Regime",120,437688.424917507,"120"
"Saturation Regime 054","Saturation Regime",150,460673.046411373,"150"
"Saturation Regime 054","Saturation Regime",180,470648.979892577,"180"
"Saturation Regime 055","Saturation Regime",0,9792.79,"0"
"Saturation Regime 055","Saturation Regime",30,431178.48705515,"30"
"Saturation Regime 055","Saturation Regime",60,676096.874121518,"60"
"Saturation Regime 055","Saturation Regime",90,725332.113989169,"90"
"Saturation Regime 055","Saturation Regime",120,879894.062495108,"120"
"Saturation Regime 055","Saturation Regime",150,896909.389862478,"150"
"Saturation Regime 055","Saturation Regime",180,940444.724512564,"180"
"Saturation Regime 056","Saturation Regime",0,4943.12,"0"
"Saturation Regime 056","Saturation Regime",30,193215.500539213,"30"
"Saturation Regime 056","Saturation Regime",60,325838.315194541,"60"
"Saturation Regime 056","Saturation Regime",90,398309.474524176,"90"
"Saturation Regime 056","Saturation Regime",120,441361.661795663,"120"
"Saturation Regime 056","Saturation Regime",150,448729.351795121,"150"
"Saturation Regime 056","Saturation Regime",180,468410.22491741,"180"
"Saturation Regime 057","Saturation Regime",0,6460.15104346137,"0"
"Saturation Regime 057","Saturation Regime",30,240533.587680242,"30"
"Saturation Regime 057","Saturation Regime",60,378996.183621624,"60"
"Saturation Regime 057","Saturation Regime",90,457063.665316031,"90"
"Saturation Regime 057","Saturation Regime",120,467555.472248642,"120"
"Saturation Regime 057","Saturation Regime",150,525215.035390326,"150"
"Saturation Regime 057","Saturation Regime",180,533740.70833356,"180"
"Saturation Regime 058","Saturation Regime",0,4978.36,"0"
"Saturation Regime 058","Saturation Regime",30,222084.184346043,"30"
"Saturation Regime 058","Saturation Regime",60,319474.060564436,"60"
"Saturation Regime 058","Saturation Regime",90,402118.6356756,"90"
"Saturation Regime 058","Saturation Regime",120,434372.715275772,"120"
"Saturation Regime 058","Saturation Regime",150,456698.834771369,"150"
"Saturation Regime 058","Saturation Regime",180,480385.118692038,"180"
"Saturation Regime 059","Saturation Regime",0,11774.6296595453,"0"
"Saturation Regime 059","Saturation Regime",30,390656.817702733,"30"
"Saturation Regime 059","Saturation Regime",60,648485.66352491,"60"
"Saturation Regime 059","Saturation Regime",90,790574.429878302,"90"
"Saturation Regime 059","Saturation Regime",120,819564.82562689,"120"
"Saturation Regime 059","Saturation Regime",150,857814.562841449,"150"
"Saturation Regime 059","Saturation Regime",180,896290.87811854,"180"
"Saturation Regime 060","Saturation Regime",0,8119.75501291577,"0"
"Saturation Regime 060","Saturation Regime",30,378532.177167369,"30"
"Saturation Regime 060","Saturation Regime",60,510189.358746705,"60"
"Saturation Regime 060","Saturation Regime",90,638588.118589529,"90"
"Saturation Regime 060","Saturation Regime",120,694928.3664331,"120"
"Saturation Regime 060","Saturation Regime",150,737299.869221996,"150"
"Saturation Regime 060","Saturation Regime",180,761917.677421292,"180"
"Saturation Regime 061","Saturation Regime",0,8426.57569122338,"0"
"Saturation Regime 061","Saturation Regime",30,337342.866865625,"30"
"Saturation Regime 061","Saturation Regime",60,521683.843618658,"60"
"Saturation Regime 061","Saturation Regime",90,595134.646648121,"90"
"Saturation Regime 061","Saturation Regime",120,689425.285463087,"120"
"Saturation Regime 061","Saturation Regime",150,704446.547381844,"150"
"Saturation Regime 061","Saturation Regime",180,729174.310182882,"180"
"Saturation Regime 062","Saturation Regime",0,5554.13608499813,"0"
"Saturation Regime 062","Saturation Regime",30,174559.34164608,"30"
"Saturation Regime 062","Saturation Regime",60,290669.051368067,"60"
"Saturation Regime 062","Saturation Regime",90,354942.002526315,"90"
"Saturation Regime 062","Saturation Regime",120,410756.452023905,"120"
"Saturation Regime 062","Saturation Regime",150,433238.16023817,"150"
"Saturation Regime 062","Saturation Regime",180,447151.528817251,"180"
"Saturation Regime 063","Saturation Regime",0,6405.29,"0"
"Saturation Regime 063","Saturation Regime",30,242241.145546172,"30"
"Saturation Regime 063","Saturation Regime",60,440961.42959947,"60"
"Saturation Regime 063","Saturation Regime",90,521017.213443583,"90"
"Saturation Regime 063","Saturation Regime",120,547426.668629788,"120"
"Saturation Regime 063","Saturation Regime",150,593982.25842282,"150"
"Saturation Regime 063","Saturation Regime",180,609855.739411626,"180"
"Saturation Regime 064","Saturation Regime",0,1033.92653199474,"0"
"Saturation Regime 064","Saturation Regime",30,41615.8989052862,"30"
"Saturation Regime 064","Saturation Regime",60,65765.3580818874,"60"
"Saturation Regime 064","Saturation Regime",90,80945.1312175355,"90"
"Saturation Regime 064","Saturation Regime",120,90302.8179058709,"120"
"Saturation Regime 064","Saturation Regime",150,94092.1317618165,"150"
"Saturation Regime 064","Saturation Regime",180,96467.0411192335,"180"
"Saturation Regime 065","Saturation Regime",0,7217.56,"0"
"Saturation Regime 065","Saturation Regime",30,307211.297046442,"30"
"Saturation Regime 065","Saturation Regime",60,446225.72286418,"60"
"Saturation Regime 065","Saturation Regime",90,570588.368016487,"90"
"Saturation Regime 065","Saturation Regime",120,645410.478579112,"120"
"Saturation Regime 065","Saturation Regime",150,669211.899954249,"150"
"Saturation Regime 065","Saturation Regime",180,688061.804049863,"180"
"Saturation Regime 066","Saturation Regime",0,7920.94496562985,"0"
"Saturation Regime 066","Saturation Regime",30,295206.770965357,"30"
"Saturation Regime 066","Saturation Regime",60,472705.813035328,"60"
"Saturation Regime 066","Saturation Regime",90,542635.89182059,"90"
"Saturation Regime 066","Saturation Regime",120,601667.140518509,"120"
"Saturation Regime 066","Saturation Regime",150,627072.425773599,"150"
"Saturation Regime 066","Saturation Regime",180,653276.397828467,"180"
"Saturation Regime 067","Saturation Regime",0,8097.26,"0"
"Saturation Regime 067","Saturation Regime",30,339290.262195269,"30"
"Saturation Regime 067","Saturation Regime",60,582717.149918533,"60"
"Saturation Regime 067","Saturation Regime",90,659631.552225642,"90"
"Saturation Regime 067","Saturation Regime",120,726637.149549044,"120"
"Saturation Regime 067","Saturation Regime",150,754554.995118755,"150"
"Saturation Regime 067","Saturation Regime",180,772368.480149346,"180"
"Saturation Regime 068","Saturation Regime",0,9671.22,"0"
"Saturation Regime 068","Saturation Regime",30,384236.677327769,"30"
"Saturation Regime 068","Saturation Regime",60,655202.113608028,"60"
"Saturation Regime 068","Saturation Regime",90,740617.965121298,"90"
"Saturation Regime 068","Saturation Regime",120,863262.843064842,"120"
"Saturation Regime 068","Saturation Regime",150,906106.903564543,"150"
"Saturation Regime 068","Saturation Regime",180,919025.170283364,"180"
"Saturation Regime 069","Saturation Regime",0,1628.86124349496,"0"
"Saturation Regime 069","Saturation Regime",30,47167.4842296778,"30"
"Saturation Regime 069","Saturation Regime",60,81659.9036451196,"60"
"Saturation Regime 069","Saturation Regime",90,92873.3605912685,"90"
"Saturation Regime 069","Saturation Regime",120,107304.758927101,"120"
"Saturation Regime 069","Saturation Regime",150,111405.484150869,"150"
"Saturation Regime 069","Saturation Regime",180,115817.743825489,"180"
"Saturation Regime 070","Saturation Regime",0,8236.79,"0"
"Saturation Regime 070","Saturation Regime",30,325501.203692895,"30"
"Saturation Regime 070","Saturation Regime",60,532805.782475064,"60"
"Saturation Regime 070","Saturation Regime",90,642200.252390835,"90"
"Saturation Regime 070","Saturation Regime",120,712844.576408213,"120"
"Saturation Regime 070","Saturation Regime",150,769365.818725497,"150"
"Saturation Regime 070","Saturation Regime",180,783273.247819229,"180"
"Saturation Regime 071","Saturation Regime",0,5867.94,"0"
"Saturation Regime 071","Saturation Regime",30,245302.74758041,"30"
"Saturation Regime 071","Saturation Regime",60,394127.512864106,"60"
"Saturation Regime 071","Saturation Regime",90,474951.52215969,"90"
"Saturation Regime 071","Saturation Regime",120,512824.501699157,"120"
"Saturation Regime 071","Saturation Regime",150,545175.568703819,"150"
"Saturation Regime 071","Saturation Regime",180,565335.319900366,"180"
"Saturation Regime 072","Saturation Regime",0,6691.23,"0"
"Saturation Regime 072","Saturation Regime",30,285061.307691491,"30"
"Saturation Regime 072","Saturation Regime",60,427204.631305653,"60"
"Saturation Regime 072","Saturation Regime",90,554398.230072384,"90"
"Saturation Regime 072","Saturation Regime",120,595200.991683962,"120"
"Saturation Regime 072","Saturation Regime",150,621616.360377781,"150"
"Saturation Regime 072","Saturation Regime",180,634585.671712377,"180"
"Saturation Regime 073","Saturation Regime",0,4946.66,"0"
"Saturation Regime 073","Saturation Regime",30,203126.818785694,"30"
"Saturation Regime 073","Saturation Regime",60,303443.702113584,"60"
"Saturation Regime 073","Saturation Regime",90,399318.185205073,"90"
"Saturation Regime 073","Saturation Regime",120,426482.211878234,"120"
"Saturation Regime 073","Saturation Regime",150,458071.514837678,"150"
"Saturation Regime 073","Saturation Regime",180,474828.434526114,"180"
"Saturation Regime 074","Saturation Regime",0,3955.76038747607,"0"
"Saturation Regime 074","Saturation Regime",30,133405.008711949,"30"
"Saturation Regime 074","Saturation Regime",60,203192.646107286,"60"
"Saturation Regime 074","Saturation Regime",90,293585.35536389,"90"
"Saturation Regime 074","Saturation Regime",120,324811.58595093,"120"
"Saturation Regime 074","Saturation Regime",150,336908.888761917,"150"
"Saturation Regime 074","Saturation Regime",180,349730.424250452,"180"
"Saturation Regime 075","Saturation Regime",0,2069.41,"0"
"Saturation Regime 075","Saturation Regime",30,71123.2801712806,"30"
"Saturation Regime 075","Saturation Regime",60,143550.196812043,"60"
"Saturation Regime 075","Saturation Regime",90,173937.705296403,"90"
"Saturation Regime 075","Saturation Regime",120,185404.31432067,"120"
"Saturation Regime 075","Saturation Regime",150,192042.874315911,"150"
"Saturation Regime 075","Saturation Regime",180,198118.998922045,"180"
"Saturation Regime 076","Saturation Regime",0,5774.7584309521,"0"
"Saturation Regime 076","Saturation Regime",30,210183.376104245,"30"
"Saturation Regime 076","Saturation Regime",60,326243.076388312,"60"
"Saturation Regime 076","Saturation Regime",90,393064.026233209,"90"
"Saturation Regime 076","Saturation Regime",120,451684.106533641,"120"
"Saturation Regime 076","Saturation Regime",150,475368.371532274,"150"
"Saturation Regime 076","Saturation Regime",180,493638.385163897,"180"
"Saturation Regime 077","Saturation Regime",0,2713.82977900222,"0"
"Saturation Regime 077","Saturation Regime",30,89790.0646937053,"30"
"Saturation Regime 077","Saturation Regime",60,149745.63121542,"60"
"Saturation Regime 077","Saturation Regime",90,158730.276783209,"90"
"Saturation Regime 077","Saturation Regime",120,189121.30057242,"120"
"Saturation Regime 077","Saturation Regime",150,199974.098171154,"150"
"Saturation Regime 077","Saturation Regime",180,206176.984593041,"180"
"Saturation Regime 078","Saturation Regime",0,9742.57,"0"
"Saturation Regime 078","Saturation Regime",30,414983.837717614,"30"
"Saturation Regime 078","Saturation Regime",60,664743.383030698,"60"
"Saturation Regime 078","Saturation Regime",90,778836.215115877,"90"
"Saturation Regime 078","Saturation Regime",120,842516.019598168,"120"
"Saturation Regime 078","Saturation Regime",150,913541.041834045,"150"
"Saturation Regime 078","Saturation Regime",180,933934.631688242,"180"
"Saturation Regime 079","Saturation Regime",0,5718.17,"0"
"Saturation Regime 079","Saturation Regime",30,280370.970568962,"30"
"Saturation Regime 079","Saturation Regime",60,360540.179032611,"60"
"Saturation Regime 079","Saturation Regime",90,428696.122270702,"90"
"Saturation Regime 079","Saturation Regime",120,507365.702756228,"120"
"Saturation Regime 079","Saturation Regime",150,532578.351852417,"150"
"Saturation Regime 079","Saturation Regime",180,542838.576765175,"180"
"Saturation Regime 080","Saturation Regime",0,8879.66,"0"
"Saturation Regime 080","Saturation Regime",30,404764.693077432,"30"
"Saturation Regime 080","Saturation Regime",60,599523.769779465,"60"
"Saturation Regime 080","Saturation Regime",90,695288.572602229,"90"
"Saturation Regime 080","Saturation Regime",120,768476.213182869,"120"
"Saturation Regime 080","Saturation Regime",150,826685.612153191,"150"
"Saturation Regime 080","Saturation Regime",180,851143.409827726,"180"
"Saturation Regime 081","Saturation Regime",0,9068,"0"
"Saturation Regime 081","Saturation Regime",30,405426.693532784,"30"
"Saturation Regime 081","Saturation Regime",60,567061.839294535,"60"
"Saturation Regime 081","Saturation Regime",90,713634.943360281,"90"
"Saturation Regime 081","Saturation Regime",120,807599.428786104,"120"
"Saturation Regime 081","Saturation Regime",150,850729.945502579,"150"
"Saturation Regime 081","Saturation Regime",180,857614.415202183,"180"
"Saturation Regime 082","Saturation Regime",0,8599.51226404004,"0"
"Saturation Regime 082","Saturation Regime",30,285137.759396389,"30"
"Saturation Regime 082","Saturation Regime",60,528306.742031624,"60"
"Saturation Regime 082","Saturation Regime",90,611064.195625866,"90"
"Saturation Regime 082","Saturation Regime",120,705899.963786931,"120"
"Saturation Regime 082","Saturation Regime",150,736333.435486856,"150"
"Saturation Regime 082","Saturation Regime",180,758889.633323562,"180"
"Saturation Regime 083","Saturation Regime",0,1604.80278457693,"0"
"Saturation Regime 083","Saturation Regime",30,66085.2283372116,"30"
"Saturation Regime 083","Saturation Regime",60,102459.7292877,"60"
"Saturation Regime 083","Saturation Regime",90,112989.093805053,"90"
"Saturation Regime 083","Saturation Regime",120,119881.598002932,"120"
"Saturation Regime 083","Saturation Regime",150,132081.606952744,"150"
"Saturation Regime 083","Saturation Regime",180,136381.39512454,"180"
"Saturation Regime 084","Saturation Regime",0,10663.4442749019,"0"
"Saturation Regime 084","Saturation Regime",30,443640.211078571,"30"
"Saturation Regime 084","Saturation Regime",60,625384.676541915,"60"
"Saturation Regime 084","Saturation Regime",90,774760.712973966,"90"
"Saturation Regime 084","Saturation Regime",120,870392.591768853,"120"
"Saturation Regime 084","Saturation Regime",150,907429.238640145,"150"
"Saturation Regime 084","Saturation Regime",180,942183.617723716,"180"
"Saturation Regime 085","Saturation Regime",0,4049.51,"0"
"Saturation Regime 085","Saturation Regime",30,148224.039973821,"30"
"Saturation Regime 085","Saturation Regime",60,252919.890963632,"60"
"Saturation Regime 085","Saturation Regime",90,315098.631453354,"90"
"Saturation Regime 085","Saturation Regime",120,358330.819552629,"120"
"Saturation Regime 085","Saturation Regime",150,379879.93394715,"150"
"Saturation Regime 085","Saturation Regime",180,385974.939184855,"180"
"Saturation Regime 086","Saturation Regime",0,9953.76,"0"
"Saturation Regime 086","Saturation Regime",30,403783.290719606,"30"
"Saturation Regime 086","Saturation Regime",60,666887.659107141,"60"
"Saturation Regime 086","Saturation Regime",90,783566.927993843,"90"
"Saturation Regime 086","Saturation Regime",120,841639.835891599,"120"
"Saturation Regime 086","Saturation Regime",150,923079.713871433,"150"
"Saturation Regime 086","Saturation Regime",180,960346.166530544,"180"
"Saturation Regime 087","Saturation Regime",0,3427.97,"0"
"Saturation Regime 087","Saturation Regime",30,122728.467414649,"30"
"Saturation Regime 087","Saturation Regime",60,252656.273903392,"60"
"Saturation Regime 087","Saturation Regime",90,271183.519708929,"90"
"Saturation Regime 087","Saturation Regime",120,300704.182270679,"120"
"Saturation Regime 087","Saturation Regime",150,319651.668781782,"150"
"Saturation Regime 087","Saturation Regime",180,324881.226386469,"180"
"Saturation Regime 088","Saturation Regime",0,7413.75,"0"
"Saturation Regime 088","Saturation Regime",30,288492.095742117,"30"
"Saturation Regime 088","Saturation Regime",60,487526.051014871,"60"
"Saturation Regime 088","Saturation Regime",90,564709.573408442,"90"
"Saturation Regime 088","Saturation Regime",120,658484.320088968,"120"
"Saturation Regime 088","Saturation Regime",150,690346.480835282,"150"
"Saturation Regime 088","Saturation Regime",180,705835.136593645,"180"
"Saturation Regime 089","Saturation Regime",0,5680.05901255417,"0"
"Saturation Regime 089","Saturation Regime",30,231571.909865964,"30"
"Saturation Regime 089","Saturation Regime",60,330414.457544715,"60"
"Saturation Regime 089","Saturation Regime",90,405276.87353741,"90"
"Saturation Regime 089","Saturation Regime",120,448529.472579855,"120"
"Saturation Regime 089","Saturation Regime",150,481910.03129127,"150"
"Saturation Regime 089","Saturation Regime",180,493030.521032123,"180"
"Saturation Regime 090","Saturation Regime",0,8041.43,"0"
"Saturation Regime 090","Saturation Regime",30,344129.473919222,"30"
"Saturation Regime 090","Saturation Regime",60,536570.472378303,"60"
"Saturation Regime 090","Saturation Regime",90,618869.263601418,"90"
"Saturation Regime 090","Saturation Regime",120,684442.94005935,"120"
"Saturation Regime 090","Saturation Regime",150,751624.79876224,"150"
"Saturation Regime 090","Saturation Regime",180,762530.882444426,"180"
"Saturation Regime 091","Saturation Regime",0,3985.69871525192,"0"
"Saturation Regime 091","Saturation Regime",30,167121.282437183,"30"
"Saturation Regime 091","Saturation Regime",60,253628.469686956,"60"
"Saturation Regime 091","Saturation Regime",90,298649.748507861,"90"
"Saturation Regime 091","Saturation Regime",120,343757.170395612,"120"
"Saturation Regime 091","Saturation Regime",150,363400.393557092,"150"
"Saturation Regime 091","Saturation Regime",180,370048.246415739,"180"
"Saturation Regime 092","Saturation Regime",0,8796.00094495043,"0"
"Saturation Regime 092","Saturation Regime",30,300269.023031183,"30"
"Saturation Regime 092","Saturation Regime",60,488934.449328679,"60"
"Saturation Regime 092","Saturation Regime",90,590069.527811658,"90"
"Saturation Regime 092","Saturation Regime",120,638830.179661296,"120"
"Saturation Regime 092","Saturation Regime",150,675467.685654656,"150"
"Saturation Regime 092","Saturation Regime",180,701869.512304298,"180"
"Saturation Regime 093","Saturation Regime",0,150.917887351238,"0"
"Saturation Regime 093","Saturation Regime",30,6592.94483350617,"30"
"Saturation Regime 093","Saturation Regime",60,8895.79113704895,"60"
"Saturation Regime 093","Saturation Regime",90,10527.2975648532,"90"
"Saturation Regime 093","Saturation Regime",120,11097.1127892007,"120"
"Saturation Regime 093","Saturation Regime",150,12567.0566252102,"150"
"Saturation Regime 093","Saturation Regime",180,12560.0817206625,"180"
"Saturation Regime 094","Saturation Regime",0,8455.97070755076,"0"
"Saturation Regime 094","Saturation Regime",30,376772.071726816,"30"
"Saturation Regime 094","Saturation Regime",60,520538.274210126,"60"
"Saturation Regime 094","Saturation Regime",90,646882.401012697,"90"
"Saturation Regime 094","Saturation Regime",120,706657.801098599,"120"
"Saturation Regime 094","Saturation Regime",150,742093.903443025,"150"
"Saturation Regime 094","Saturation Regime",180,766458.58839796,"180"
"Saturation Regime 095","Saturation Regime",0,1454.77,"0"
"Saturation Regime 095","Saturation Regime",30,49489.5768913545,"30"
"Saturation Regime 095","Saturation Regime",60,94110.1874705367,"60"
"Saturation Regime 095","Saturation Regime",90,117582.281313479,"90"
"Saturation Regime 095","Saturation Regime",120,129273.243713787,"120"
"Saturation Regime 095","Saturation Regime",150,135939.26512328,"150"
"Saturation Regime 095","Saturation Regime",180,137804.655711801,"180"
"Saturation Regime 096","Saturation Regime",0,2456.54279873567,"0"
"Saturation Regime 096","Saturation Regime",30,98978.2596522736,"30"
"Saturation Regime 096","Saturation Regime",60,138733.346398957,"60"
"Saturation Regime 096","Saturation Regime",90,169076.482116466,"90"
"Saturation Regime 096","Saturation Regime",120,193851.481915043,"120"
"Saturation Regime 096","Saturation Regime",150,195802.356958559,"150"
"Saturation Regime 096","Saturation Regime",180,205099.501297864,"180"
"Saturation Regime 097","Saturation Regime",0,204.74,"0"
"Saturation Regime 097","Saturation Regime",30,8691.99302010111,"30"
"Saturation Regime 097","Saturation Regime",60,14686.7840417015,"60"
"Saturation Regime 097","Saturation Regime",90,16276.0355160127,"90"
"Saturation Regime 097","Saturation Regime",120,17900.7297582423,"120"
"Saturation Regime 097","Saturation Regime",150,19102.7246038883,"150"
"Saturation Regime 097","Saturation Regime",180,19570.5215286593,"180"
"Saturation Regime 098","Saturation Regime",0,4039.43196451575,"0"
"Saturation Regime 098","Saturation Regime",30,147594.174781877,"30"
"Saturation Regime 098","Saturation Regime",60,218510.407636656,"60"
"Saturation Regime 098","Saturation Regime",90,271658.69462677,"90"
"Saturation Regime 098","Saturation Regime",120,309565.85493633,"120"
"Saturation Regime 098","Saturation Regime",150,333409.540970594,"150"
"Saturation Regime 098","Saturation Regime",180,336755.327173031,"180"
"Saturation Regime 099","Saturation Regime",0,388.54,"0"
"Saturation Regime 099","Saturation Regime",30,16657.315935401,"30"
"Saturation Regime 099","Saturation Regime",60,24187.9091805899,"60"
"Saturation Regime 099","Saturation Regime",90,31733.3589940859,"90"
"Saturation Regime 099","Saturation Regime",120,34350.5301282882,"120"
"Saturation Regime 099","Saturation Regime",150,36001.2186190964,"150"
"Saturation Regime 099","Saturation Regime",180,37399.4081439399,"180"
"Saturation Regime 100","Saturation Regime",0,8172.06,"0"
"Saturation Regime 100","Saturation Regime",30,345492.006480973,"30"
"Saturation Regime 100","Saturation Regime",60,552065.184805158,"60"
"Saturation Regime 100","Saturation Regime",90,656844.299624696,"90"
"Saturation Regime 100","Saturation Regime",120,709538.863786026,"120"
"Saturation Regime 100","Saturation Regime",150,765575.964132699,"150"
"Saturation Regime 100","Saturation Regime",180,788275.853190183,"180"
"Saturation Regime 101","Saturation Regime",0,2577.69581109797,"0"
"Saturation Regime 101","Saturation Regime",30,103876.831976164,"30"
"Saturation Regime 101","Saturation Regime",60,183464.318033222,"60"
"Saturation Regime 101","Saturation Regime",90,202352.957463553,"90"
"Saturation Regime 101","Saturation Regime",120,221134.661890542,"120"
"Saturation Regime 101","Saturation Regime",150,227948.79144007,"150"
"Saturation Regime 101","Saturation Regime",180,239254.298283729,"180"
"Saturation Regime 102","Saturation Regime",0,7314.36269045006,"0"
"Saturation Regime 102","Saturation Regime",30,301221.385730858,"30"
"Saturation Regime 102","Saturation Regime",60,483629.7208356,"60"
"Saturation Regime 102","Saturation Regime",90,560882.732947167,"90"
"Saturation Regime 102","Saturation Regime",120,637430.213026463,"120"
"Saturation Regime 102","Saturation Regime",150,652265.34934337,"150"
"Saturation Regime 102","Saturation Regime",180,674358.03555916,"180"
"Saturation Regime 103","Saturation Regime",0,10830.4820964118,"0"
"Saturation Regime 103","Saturation Regime",30,401270.125545629,"30"
"Saturation Regime 103","Saturation Regime",60,663726.567561528,"60"
"Saturation Regime 103","Saturation Regime",90,769211.394133048,"90"
"Saturation Regime 103","Saturation Regime",120,848022.207730108,"120"
"Saturation Regime 103","Saturation Regime",150,901964.503005299,"150"
"Saturation Regime 103","Saturation Regime",180,923113.796197475,"180"
"Saturation Regime 104","Saturation Regime",0,7697.39,"0"
"Saturation Regime 104","Saturation Regime",30,348489.22284521,"30"
"Saturation Regime 104","Saturation Regime",60,487455.379455035,"60"
"Saturation Regime 104","Saturation Regime",90,626841.227555895,"90"
"Saturation Regime 104","Saturation Regime",120,695073.875274659,"120"
"Saturation Regime 104","Saturation Regime",150,713059.908257754,"150"
"Saturation Regime 104","Saturation Regime",180,738412.616639056,"180"
"Saturation Regime 105","Saturation Regime",0,6522.7,"0"
"Saturation Regime 105","Saturation Regime",30,271609.073517135,"30"
"Saturation Regime 105","Saturation Regime",60,432923.654962078,"60"
"Saturation Regime 105","Saturation Regime",90,506487.699198241,"90"
"Saturation Regime 105","Saturation Regime",120,601178.082245866,"120"
"Saturation Regime 105","Saturation Regime",150,602503.96879237,"150"
"Saturation Regime 105","Saturation Regime",180,624851.25091187,"180"
"Saturation Regime 106","Saturation Regime",0,3746.17,"0"
"Saturation Regime 106","Saturation Regime",30,146450.492258355,"30"
"Saturation Regime 106","Saturation Regime",60,258134.419300507,"60"
"Saturation Regime 106","Saturation Regime",90,312635.052873623,"90"
"Saturation Regime 106","Saturation Regime",120,329022.567465227,"120"
"Saturation Regime 106","Saturation Regime",150,349853.292463526,"150"
"Saturation Regime 106","Saturation Regime",180,358500.588452883,"180"
"Saturation Regime 107","Saturation Regime",0,2213.38,"0"
"Saturation Regime 107","Saturation Regime",30,110411.953786831,"30"
"Saturation Regime 107","Saturation Regime",60,140120.893947559,"60"
"Saturation Regime 107","Saturation Regime",90,168085.150310095,"90"
"Saturation Regime 107","Saturation Regime",120,193262.869569785,"120"
"Saturation Regime 107","Saturation Regime",150,205788.127044488,"150"
"Saturation Regime 107","Saturation Regime",180,214137.23508863,"180"
"Saturation Regime 108","Saturation Regime",0,8572.33137242806,"0"
"Saturation Regime 108","Saturation Regime",30,305386.09865624,"30"
"Saturation Regime 108","Saturation Regime",60,523955.603782878,"60"
"Saturation Regime 108","Saturation Regime",90,664082.370399651,"90"
"Saturation Regime 108","Saturation Regime",120,771949.932899465,"120"
"Saturation Regime 108","Saturation Regime",150,763672.971735479,"150"
"Saturation Regime 108","Saturation Regime",180,809643.594722195,"180"
"Saturation Regime 109","Saturation Regime",0,5414.13859101343,"0"
"Saturation Regime 109","Saturation Regime",30,161848.213730629,"30"
"Saturation Regime 109","Saturation Regime",60,285784.691894868,"60"
"Saturation Regime 109","Saturation Regime",90,333419.027424524,"90"
"Saturation Regime 109","Saturation Regime",120,387680.800530053,"120"
"Saturation Regime 109","Saturation Regime",150,409336.788986549,"150"
"Saturation Regime 109","Saturation Regime",180,420778.813156468,"180"
"Saturation Regime 110","Saturation Regime",0,2428.06382972244,"0"
"Saturation Regime 110","Saturation Regime",30,87636.8247459104,"30"
"Saturation Regime 110","Saturation Regime",60,123732.513063079,"60"
"Saturation Regime 110","Saturation Regime",90,153782.548838897,"90"
"Saturation Regime 110","Saturation Regime",120,164555.338114414,"120"
"Saturation Regime 110","Saturation Regime",150,176602.8513117,"150"
"Saturation Regime 110","Saturation Regime",180,183957.58572506,"180"
"Saturation Regime 111","Saturation Regime",0,1448.73696697831,"0"
"Saturation Regime 111","Saturation Regime",30,51085.7382542008,"30"
"Saturation Regime 111","Saturation Regime",60,85876.7995267857,"60"
"Saturation Regime 111","Saturation Regime",90,105322.731617273,"90"
"Saturation Regime 111","Saturation Regime",120,120070.239530216,"120"
"Saturation Regime 111","Saturation Regime",150,124588.710665814,"150"
"Saturation Regime 111","Saturation Regime",180,130368.953337803,"180"
"Saturation Regime 112","Saturation Regime",0,1391.53169830424,"0"
"Saturation Regime 112","Saturation Regime",30,47181.0423564579,"30"
"Saturation Regime 112","Saturation Regime",60,68918.2286260802,"60"
"Saturation Regime 112","Saturation Regime",90,87653.7644476219,"90"
"Saturation Regime 112","Saturation Regime",120,95553.0199509668,"120"
"Saturation Regime 112","Saturation Regime",150,101993.900076586,"150"
"Saturation Regime 112","Saturation Regime",180,104956.28992095,"180"
"Saturation Regime 113","Saturation Regime",0,7532.84899877313,"0"
"Saturation Regime 113","Saturation Regime",30,341863.430510186,"30"
"Saturation Regime 113","Saturation Regime",60,497913.871035077,"60"
"Saturation Regime 113","Saturation Regime",90,562387.698810178,"90"
"Saturation Regime 113","Saturation Regime",120,643283.380380223,"120"
"Saturation Regime 113","Saturation Regime",150,669125.500828049,"150"
"Saturation Regime 113","Saturation Regime",180,691924.695590415,"180"
"Saturation Regime 114","Saturation Regime",0,286.112739840379,"0"
"Saturation Regime 114","Saturation Regime",30,7682.67258692574,"30"
"Saturation Regime 114","Saturation Regime",60,13597.0269917587,"60"
"Saturation Regime 114","Saturation Regime",90,15554.2069893818,"90"
"Saturation Regime 114","Saturation Regime",120,18382.0003429378,"120"
"Saturation Regime 114","Saturation Regime",150,19438.3461002983,"150"
"Saturation Regime 114","Saturation Regime",180,20000.254504408,"180"
"Saturation Regime 115","Saturation Regime",0,9635.42393465453,"0"
"Saturation Regime 115","Saturation Regime",30,428850.164400263,"30"
"Saturation Regime 115","Saturation Regime",60,580596.449816852,"60"
"Saturation Regime 115","Saturation Regime",90,717121.458126933,"90"
"Saturation Regime 115","Saturation Regime",120,797293.669419624,"120"
"Saturation Regime 115","Saturation Regime",150,846088.292505752,"150"
"Saturation Regime 115","Saturation Regime",180,873052.69175454,"180"
"Saturation Regime 116","Saturation Regime",0,3202.29,"0"
"Saturation Regime 116","Saturation Regime",30,134977.860897265,"30"
"Saturation Regime 116","Saturation Regime",60,236348.27384194,"60"
"Saturation Regime 116","Saturation Regime",90,257975.485671242,"90"
"Saturation Regime 116","Saturation Regime",120,282371.990648698,"120"
"Saturation Regime 116","Saturation Regime",150,292970.112695066,"150"
"Saturation Regime 116","Saturation Regime",180,306648.091292201,"180"
"Saturation Regime 117","Saturation Regime",0,2126.98,"0"
"Saturation Regime 117","Saturation Regime",30,83678.4903165303,"30"
"Saturation Regime 117","Saturation Regime",60,134049.597043632,"60"
"Saturation Regime 117","Saturation Regime",90,165360.801983345,"90"
"Saturation Regime 117","Saturation Regime",120,186182.464497778,"120"
"Saturation Regime 117","Saturation Regime",150,200349.510462014,"150"
"Saturation Regime 117","Saturation Regime",180,205033.606287571,"180"
"Saturation Regime 118","Saturation Regime",0,3627.93,"0"
"Saturation Regime 118","Saturation Regime",30,139173.549225516,"30"
"Saturation Regime 118","Saturation Regime",60,231466.930442502,"60"
"Saturation Regime 118","Saturation Regime",90,289361.319646415,"90"
"Saturation Regime 118","Saturation Regime",120,314968.261055296,"120"
"Saturation Regime 118","Saturation Regime",150,344043.965499118,"150"
"Saturation Regime 118","Saturation Regime",180,346798.682952972,"180"
"Saturation Regime 119","Saturation Regime",0,2675.36,"0"
"Saturation Regime 119","Saturation Regime",30,101065.49071622,"30"
"Saturation Regime 119","Saturation Regime",60,176269.873746397,"60"
"Saturation Regime 119","Saturation Regime",90,214234.978593216,"90"
"Saturation Regime 119","Saturation Regime",120,236621.560711068,"120"
"Saturation Regime 119","Saturation Regime",150,244015.457244199,"150"
"Saturation Regime 119","Saturation Regime",180,256544.989963447,"180"
"Saturation Regime 120","Saturation Regime",0,9461.54,"0"
"Saturation Regime 120","Saturation Regime",30,424950.743240737,"30"
"Saturation Regime 120","Saturation Regime",60,643567.637098812,"60"
"Saturation Regime 120","Saturation Regime",90,805427.982756365,"90"
"Saturation Regime 120","Saturation Regime",120,833816.442273479,"120"
"Saturation Regime 120","Saturation Regime",150,878738.303929665,"150"
"Saturation Regime 120","Saturation Regime",180,906568.059895188,"180"
"Saturation Regime 121","Saturation Regime",0,3706.64,"0"
"Saturation Regime 121","Saturation Regime",30,131041.174275166,"30"
"Saturation Regime 121","Saturation Regime",60,241275.275103344,"60"
"Saturation Regime 121","Saturation Regime",90,289436.183798097,"90"
"Saturation Regime 121","Saturation Regime",120,326050.801903803,"120"
"Saturation Regime 121","Saturation Regime",150,336265.552459571,"150"
"Saturation Regime 121","Saturation Regime",180,351552.339108011,"180"
"Saturation Regime 122","Saturation Regime",0,159.800828331888,"0"
"Saturation Regime 122","Saturation Regime",30,5218.41033715121,"30"
"Saturation Regime 122","Saturation Regime",60,8731.48501591466,"60"
"Saturation Regime 122","Saturation Regime",90,11109.5590431486,"90"
"Saturation Regime 122","Saturation Regime",120,12177.2135653027,"120"
"Saturation Regime 122","Saturation Regime",150,12959.6893788169,"150"
"Saturation Regime 122","Saturation Regime",180,13543.4094444868,"180"
"Saturation Regime 123","Saturation Regime",0,5366.22,"0"
"Saturation Regime 123","Saturation Regime",30,212260.677060362,"30"
"Saturation Regime 123","Saturation Regime",60,378278.758364891,"60"
"Saturation Regime 123","Saturation Regime",90,416554.725612531,"90"
"Saturation Regime 123","Saturation Regime",120,470860.730035602,"120"
"Saturation Regime 123","Saturation Regime",150,502354.133333864,"150"
"Saturation Regime 123","Saturation Regime",180,510392.695724009,"180"
"Saturation Regime 124","Saturation Regime",0,9297.78751688248,"0"
"Saturation Regime 124","Saturation Regime",30,317087.60773555,"30"
"Saturation Regime 124","Saturation Regime",60,565293.789404579,"60"
"Saturation Regime 124","Saturation Regime",90,667408.096761038,"90"
"Saturation Regime 124","Saturation Regime",120,746772.047033261,"120"
"Saturation Regime 124","Saturation Regime",150,783623.318345062,"150"
"Saturation Regime 124","Saturation Regime",180,814646.060459313,"180"
"Saturation Regime 125","Saturation Regime",0,5418.09,"0"
"Saturation Regime 125","Saturation Regime",30,219589.323719411,"30"
"Saturation Regime 125","Saturation Regime",60,335780.954082359,"60"
"Saturation Regime 125","Saturation Regime",90,416999.506283804,"90"
"Saturation Regime 125","Saturation Regime",120,475967.141792028,"120"
"Saturation Regime 125","Saturation Regime",150,502235.818891333,"150"
"Saturation Regime 125","Saturation Regime",180,510403.942642625,"180"
"Saturation Regime 126","Saturation Regime",0,2431.32999595067,"0"
"Saturation Regime 126","Saturation Regime",30,117760.888583833,"30"
"Saturation Regime 126","Saturation Regime",60,158675.801321295,"60"
"Saturation Regime 126","Saturation Regime",90,183832.142589908,"90"
"Saturation Regime 126","Saturation Regime",120,216497.131541914,"120"
"Saturation Regime 126","Saturation Regime",150,224256.0134662,"150"
"Saturation Regime 126","Saturation Regime",180,222751.197743857,"180"
"Saturation Regime 127","Saturation Regime",0,3871.02,"0"
"Saturation Regime 127","Saturation Regime",30,163035.098445426,"30"
"Saturation Regime 127","Saturation Regime",60,255986.154190153,"60"
"Saturation Regime 127","Saturation Regime",90,295830.493525604,"90"
"Saturation Regime 127","Saturation Regime",120,341938.401788785,"120"
"Saturation Regime 127","Saturation Regime",150,366101.517924512,"150"
"Saturation Regime 127","Saturation Regime",180,370291.176111088,"180"
"Saturation Regime 128","Saturation Regime",0,9545.85521586982,"0"
"Saturation Regime 128","Saturation Regime",30,298445.679878258,"30"
"Saturation Regime 128","Saturation Regime",60,556981.511990549,"60"
"Saturation Regime 128","Saturation Regime",90,703655.944864138,"90"
"Saturation Regime 128","Saturation Regime",120,759164.623851431,"120"
"Saturation Regime 128","Saturation Regime",150,785351.658334873,"150"
"Saturation Regime 128","Saturation Regime",180,810191.401565903,"180"
"Saturation Regime 129","Saturation Regime",0,7115.76437611965,"0"
"Saturation Regime 129","Saturation Regime",30,258601.390655157,"30"
"Saturation Regime 129","Saturation Regime",60,434618.593469939,"60"
"Saturation Regime 129","Saturation Regime",90,557184.439625656,"90"
"Saturation Regime 129","Saturation Regime",120,586251.507286054,"120"
"Saturation Regime 129","Saturation Regime",150,634174.708819457,"150"
"Saturation Regime 129","Saturation Regime",180,654090.995428627,"180"
"Saturation Regime 130","Saturation Regime",0,1687.78221549013,"0"
"Saturation Regime 130","Saturation Regime",30,50097.8626216165,"30"
"Saturation Regime 130","Saturation Regime",60,89549.5837089031,"60"
"Saturation Regime 130","Saturation Regime",90,105322.338256005,"90"
"Saturation Regime 130","Saturation Regime",120,116176.194397197,"120"
"Saturation Regime 130","Saturation Regime",150,123922.899498244,"150"
"Saturation Regime 130","Saturation Regime",180,126372.181816804,"180"
"Saturation Regime 131","Saturation Regime",0,3825.68,"0"
"Saturation Regime 131","Saturation Regime",30,182914.71237468,"30"
"Saturation Regime 131","Saturation Regime",60,250755.94214317,"60"
"Saturation Regime 131","Saturation Regime",90,307263.696148677,"90"
"Saturation Regime 131","Saturation Regime",120,335026.738453095,"120"
"Saturation Regime 131","Saturation Regime",150,356928.079246516,"150"
"Saturation Regime 131","Saturation Regime",180,364117.884554872,"180"
"Saturation Regime 132","Saturation Regime",0,6427.8855060524,"0"
"Saturation Regime 132","Saturation Regime",30,227705.380568851,"30"
"Saturation Regime 132","Saturation Regime",60,387634.435063761,"60"
"Saturation Regime 132","Saturation Regime",90,480581.291846522,"90"
"Saturation Regime 132","Saturation Regime",120,525003.788612682,"120"
"Saturation Regime 132","Saturation Regime",150,557770.526953377,"150"
"Saturation Regime 132","Saturation Regime",180,564132.585066716,"180"
"Saturation Regime 133","Saturation Regime",0,5430.46302273189,"0"
"Saturation Regime 133","Saturation Regime",30,192217.226520743,"30"
"Saturation Regime 133","Saturation Regime",60,291971.812433541,"60"
"Saturation Regime 133","Saturation Regime",90,361633.597157469,"90"
"Saturation Regime 133","Saturation Regime",120,416995.806233772,"120"
"Saturation Regime 133","Saturation Regime",150,436521.245755923,"150"
"Saturation Regime 133","Saturation Regime",180,455742.703108705,"180"
"Saturation Regime 134","Saturation Regime",0,9059.23,"0"
"Saturation Regime 134","Saturation Regime",30,341560.228616659,"30"
"Saturation Regime 134","Saturation Regime",60,574156.423676284,"60"
"Saturation Regime 134","Saturation Regime",90,727855.628994414,"90"
"Saturation Regime 134","Saturation Regime",120,789565.236542703,"120"
"Saturation Regime 134","Saturation Regime",150,845603.219992412,"150"
"Saturation Regime 134","Saturation Regime",180,865641.239337104,"180"
"Saturation Regime 135","Saturation Regime",0,1590.27,"0"
"Saturation Regime 135","Saturation Regime",30,76921.837536439,"30"
"Saturation Regime 135","Saturation Regime",60,105730.281262097,"60"
"Saturation Regime 135","Saturation Regime",90,127332.495144861,"90"
"Saturation Regime 135","Saturation Regime",120,135447.77548124,"120"
"Saturation Regime 135","Saturation Regime",150,148669.546533359,"150"
"Saturation Regime 135","Saturation Regime",180,151287.878494722,"180"
"Saturation Regime 136","Saturation Regime",0,5768.65317619537,"0"
"Saturation Regime 136","Saturation Regime",30,201979.341866096,"30"
"Saturation Regime 136","Saturation Regime",60,301628.206220263,"60"
"Saturation Regime 136","Saturation Regime",90,425561.484082655,"90"
"Saturation Regime 136","Saturation Regime",120,426807.375713966,"120"
"Saturation Regime 136","Saturation Regime",150,474133.582299398,"150"
"Saturation Regime 136","Saturation Regime",180,489246.235482949,"180"
"Saturation Regime 137","Saturation Regime",0,8102.80813583836,"0"
"Saturation Regime 137","Saturation Regime",30,327117.360214159,"30"
"Saturation Regime 137","Saturation Regime",60,523655.975857273,"60"
"Saturation Regime 137","Saturation Regime",90,613343.01846549,"90"
"Saturation Regime 137","Saturation Regime",120,665001.013886444,"120"
"Saturation Regime 137","Saturation Regime",150,712567.402717737,"150"
"Saturation Regime 137","Saturation Regime",180,731588.391684536,"180"
"Saturation Regime 138","Saturation Regime",0,6312.76,"0"
"Saturation Regime 138","Saturation Regime",30,265258.237933777,"30"
"Saturation Regime 138","Saturation Regime",60,406703.404364112,"60"
"Saturation Regime 138","Saturation Regime",90,486696.737801103,"90"
"Saturation Regime 138","Saturation Regime",120,555590.000716401,"120"
"Saturation Regime 138","Saturation Regime",150,577680.070986228,"150"
"Saturation Regime 138","Saturation Regime",180,605112.850695356,"180"
"Saturation Regime 139","Saturation Regime",0,932.248030035333,"0"
"Saturation Regime 139","Saturation Regime",30,41024.5971846278,"30"
"Saturation Regime 139","Saturation Regime",60,50806.3465220295,"60"
"Saturation Regime 139","Saturation Regime",90,67005.1945665672,"90"
"Saturation Regime 139","Saturation Regime",120,72803.750446312,"120"
"Saturation Regime 139","Saturation Regime",150,75711.860110284,"150"
"Saturation Regime 139","Saturation Regime",180,77934.2966523685,"180"
"Saturation Regime 140","Saturation Regime",0,3121.01,"0"
"Saturation Regime 140","Saturation Regime",30,122015.100169423,"30"
"Saturation Regime 140","Saturation Regime",60,188746.608605259,"60"
"Saturation Regime 140","Saturation Regime",90,258782.650854238,"90"
"Saturation Regime 140","Saturation Regime",120,273312.313806207,"120"
"Saturation Regime 140","Saturation Regime",150,288082.151180853,"150"
"Saturation Regime 140","Saturation Regime",180,304915.336316997,"180"
"Saturation Regime 141","Saturation Regime",0,3446.31,"0"
"Saturation Regime 141","Saturation Regime",30,146562.857600356,"30"
"Saturation Regime 141","Saturation Regime",60,206879.381267284,"60"
"Saturation Regime 141","Saturation Regime",90,278132.33924963,"90"
"Saturation Regime 141","Saturation Regime",120,302320.075062872,"120"
"Saturation Regime 141","Saturation Regime",150,321526.866436161,"150"
"Saturation Regime 141","Saturation Regime",180,327946.015215158,"180"
"Saturation Regime 142","Saturation Regime",0,111.59,"0"
"Saturation Regime 142","Saturation Regime",30,4311.89305644295,"30"
"Saturation Regime 142","Saturation Regime",60,7785.4122178762,"60"
"Saturation Regime 142","Saturation Regime",90,9302.76932216649,"90"
"Saturation Regime 142","Saturation Regime",120,9778.16130879245,"120"
"Saturation Regime 142","Saturation Regime",150,10318.6882563576,"150"
"Saturation Regime 142","Saturation Regime",180,10663.1767333337,"180"
"Saturation Regime 143","Saturation Regime",0,5731.21377955594,"0"
"Saturation Regime 143","Saturation Regime",30,240074.220942752,"30"
"Saturation Regime 143","Saturation Regime",60,354928.065941065,"60"
"Saturation Regime 143","Saturation Regime",90,437507.295887211,"90"
"Saturation Regime 143","Saturation Regime",120,507302.611205771,"120"
"Saturation Regime 143","Saturation Regime",150,521374.931748398,"150"
"Saturation Regime 143","Saturation Regime",180,542063.323216166,"180"
"Saturation Regime 144","Saturation Regime",0,8972.96080498568,"0"
"Saturation Regime 144","Saturation Regime",30,347000.04713333,"30"
"Saturation Regime 144","Saturation Regime",60,578333.549196234,"60"
"Saturation Regime 144","Saturation Regime",90,658207.910443291,"90"
"Saturation Regime 144","Saturation Regime",120,720516.634181685,"120"
"Saturation Regime 144","Saturation Regime",150,768024.954540818,"150"
"Saturation Regime 144","Saturation Regime",180,783934.996001506,"180"
"Saturation Regime 145","Saturation Regime",0,51.615712222566,"0"
"Saturation Regime 145","Saturation Regime",30,1929.91934909424,"30"
"Saturation Regime 145","Saturation Regime",60,3125.03532960309,"60"
"Saturation Regime 145","Saturation Regime",90,3801.18824339006,"90"
"Saturation Regime 145","Saturation Regime",120,4166.43693273124,"120"
"Saturation Regime 145","Saturation Regime",150,4357.16789806049,"150"
"Saturation Regime 145","Saturation Regime",180,4604.63311004642,"180"
"Saturation Regime 146","Saturation Regime",0,4471.96,"0"
"Saturation Regime 146","Saturation Regime",30,209430.354433399,"30"
"Saturation Regime 146","Saturation Regime",60,298119.455458161,"60"
"Saturation Regime 146","Saturation Regime",90,370211.807077763,"90"
"Saturation Regime 146","Saturation Regime",120,386139.861768105,"120"
"Saturation Regime 146","Saturation Regime",150,415868.348071995,"150"
"Saturation Regime 146","Saturation Regime",180,427950.075016126,"180"
"Saturation Regime 147","Saturation Regime",0,4367.52,"0"
"Saturation Regime 147","Saturation Regime",30,180811.890355892,"30"
"Saturation Regime 147","Saturation Regime",60,259060.437822589,"60"
"Saturation Regime 147","Saturation Regime",90,338943.430662539,"90"
"Saturation Regime 147","Saturation Regime",120,384675.079267508,"120"
"Saturation Regime 147","Saturation Regime",150,402347.912143348,"150"
"Saturation Regime 147","Saturation Regime",180,418105.785406417,"180"
"Saturation Regime 148","Saturation Regime",0,2413.01171996568,"0"
"Saturation Regime 148","Saturation Regime",30,101133.610495542,"30"
"Saturation Regime 148","Saturation Regime",60,138482.968431154,"60"
"Saturation Regime 148","Saturation Regime",90,174326.350556357,"90"
"Saturation Regime 148","Saturation Regime",120,199608.410384079,"120"
"Saturation Regime 148","Saturation Regime",150,200615.2405017,"150"
"Saturation Regime 148","Saturation Regime",180,211528.213470491,"180"
"Saturation Regime 149","Saturation Regime",0,7733.6721437936,"0"
"Saturation Regime 149","Saturation Regime",30,245039.323622257,"30"
"Saturation Regime 149","Saturation Regime",60,364140.822326162,"60"
"Saturation Regime 149","Saturation Regime",90,466152.739497206,"90"
"Saturation Regime 149","Saturation Regime",120,506537.061680269,"120"
"Saturation Regime 149","Saturation Regime",150,549970.448320999,"150"
"Saturation Regime 149","Saturation Regime",180,555727.224299553,"180"
"Saturation Regime 150","Saturation Regime",0,4366.19249693679,"0"
"Saturation Regime 150","Saturation Regime",30,154643.785608995,"30"
"Saturation Regime 150","Saturation Regime",60,272867.448164933,"60"
"Saturation Regime 150","Saturation Regime",90,310569.993027769,"90"
"Saturation Regime 150","Saturation Regime",120,355372.002150195,"120"
"Saturation Regime 150","Saturation Regime",150,375521.144939164,"150"
"Saturation Regime 150","Saturation Regime",180,380445.441812121,"180"
"Saturation Regime 151","Saturation Regime",0,5498.93,"0"
"Saturation Regime 151","Saturation Regime",30,233745.274915156,"30"
"Saturation Regime 151","Saturation Regime",60,363157.922857062,"60"
"Saturation Regime 151","Saturation Regime",90,431456.703171824,"90"
"Saturation Regime 151","Saturation Regime",120,485582.738173403,"120"
"Saturation Regime 151","Saturation Regime",150,503698.405497449,"150"
"Saturation Regime 151","Saturation Regime",180,526106.264006745,"180"
"Saturation Regime 152","Saturation Regime",0,6589.92,"0"
"Saturation Regime 152","Saturation Regime",30,237368.508108118,"30"
"Saturation Regime 152","Saturation Regime",60,404685.603041183,"60"
"Saturation Regime 152","Saturation Regime",90,498344.023234243,"90"
"Saturation Regime 152","Saturation Regime",120,583517.801765869,"120"
"Saturation Regime 152","Saturation Regime",150,605195.359616872,"150"
"Saturation Regime 152","Saturation Regime",180,622339.949455191,"180"
"Saturation Regime 153","Saturation Regime",0,785.9,"0"
"Saturation Regime 153","Saturation Regime",30,35015.5037236708,"30"
"Saturation Regime 153","Saturation Regime",60,48417.259076956,"60"
"Saturation Regime 153","Saturation Regime",90,64714.4165313898,"90"
"Saturation Regime 153","Saturation Regime",120,69562.4549947046,"120"
"Saturation Regime 153","Saturation Regime",150,73237.9830029618,"150"
"Saturation Regime 153","Saturation Regime",180,74847.3265878179,"180"
"Saturation Regime 154","Saturation Regime",0,5452.8,"0"
"Saturation Regime 154","Saturation Regime",30,189721.269171349,"30"
"Saturation Regime 154","Saturation Regime",60,352598.268479544,"60"
"Saturation Regime 154","Saturation Regime",90,407749.961884027,"90"
"Saturation Regime 154","Saturation Regime",120,476467.268859558,"120"
"Saturation Regime 154","Saturation Regime",150,503873.87035307,"150"
"Saturation Regime 154","Saturation Regime",180,524410.902592571,"180"
"Saturation Regime 155","Saturation Regime",0,7762.32,"0"
"Saturation Regime 155","Saturation Regime",30,344415.639017353,"30"
"Saturation Regime 155","Saturation Regime",60,544864.202307402,"60"
"Saturation Regime 155","Saturation Regime",90,602274.726346378,"90"
"Saturation Regime 155","Saturation Regime",120,674032.738922664,"120"
"Saturation Regime 155","Saturation Regime",150,725606.017827411,"150"
"Saturation Regime 155","Saturation Regime",180,744164.394383832,"180"
"Saturation Regime 156","Saturation Regime",0,7342.14586203534,"0"
"Saturation Regime 156","Saturation Regime",30,260280.472876373,"30"
"Saturation Regime 156","Saturation Regime",60,418733.116114459,"60"
"Saturation Regime 156","Saturation Regime",90,492243.161487068,"90"
"Saturation Regime 156","Saturation Regime",120,538054.131420477,"120"
"Saturation Regime 156","Saturation Regime",150,566267.339747261,"150"
"Saturation Regime 156","Saturation Regime",180,586500.255138654,"180"
"Saturation Regime 157","Saturation Regime",0,4638.35,"0"
"Saturation Regime 157","Saturation Regime",30,202188.661193026,"30"
"Saturation Regime 157","Saturation Regime",60,301258.805105,"60"
"Saturation Regime 157","Saturation Regime",90,369615.82329499,"90"
"Saturation Regime 157","Saturation Regime",120,413096.594756356,"120"
"Saturation Regime 157","Saturation Regime",150,434058.460408745,"150"
"Saturation Regime 157","Saturation Regime",180,443413.210216994,"180"
"Saturation Regime 158","Saturation Regime",0,1165.71279286691,"0"
"Saturation Regime 158","Saturation Regime",30,52242.0385396153,"30"
"Saturation Regime 158","Saturation Regime",60,77031.1510405191,"60"
"Saturation Regime 158","Saturation Regime",90,95717.8663199943,"90"
"Saturation Regime 158","Saturation Regime",120,101317.205893332,"120"
"Saturation Regime 158","Saturation Regime",150,108337.247169312,"150"
"Saturation Regime 158","Saturation Regime",180,111039.154834544,"180"
"Saturation Regime 159","Saturation Regime",0,857.483096810646,"0"
"Saturation Regime 159","Saturation Regime",30,32646.5893486811,"30"
"Saturation Regime 159","Saturation Regime",60,52491.5821778127,"60"
"Saturation Regime 159","Saturation Regime",90,64673.0822314263,"90"
"Saturation Regime 159","Saturation Regime",120,71044.4759284352,"120"
"Saturation Regime 159","Saturation Regime",150,75741.8031916779,"150"
"Saturation Regime 159","Saturation Regime",180,77293.1588289249,"180"
"Saturation Regime 160","Saturation Regime",0,6573.98,"0"
"Saturation Regime 160","Saturation Regime",30,269088.949790795,"30"
"Saturation Regime 160","Saturation Regime",60,428114.114434638,"60"
"Saturation Regime 160","Saturation Regime",90,485495.428193067,"90"
"Saturation Regime 160","Saturation Regime",120,563360.043310228,"120"
"Saturation Regime 160","Saturation Regime",150,609774.167440288,"150"
"Saturation Regime 160","Saturation Regime",180,628443.523000546,"180"
"Saturation Regime 161","Saturation Regime",0,3798.95,"0"
"Saturation Regime 161","Saturation Regime",30,152512.909883874,"30"
"Saturation Regime 161","Saturation Regime",60,256716.031248647,"60"
"Saturation Regime 161","Saturation Regime",90,318503.964294768,"90"
"Saturation Regime 161","Saturation Regime",120,333604.986434564,"120"
"Saturation Regime 161","Saturation Regime",150,358314.064018178,"150"
"Saturation Regime 161","Saturation Regime",180,363969.250738048,"180"
"Saturation Regime 162","Saturation Regime",0,1501.81900049115,"0"
"Saturation Regime 162","Saturation Regime",30,54825.6271428637,"30"
"Saturation Regime 162","Saturation Regime",60,93384.6301692321,"60"
"Saturation Regime 162","Saturation Regime",90,117090.190600129,"90"
"Saturation Regime 162","Saturation Regime",120,124185.015277439,"120"
"Saturation Regime 162","Saturation Regime",150,132535.602984083,"150"
"Saturation Regime 162","Saturation Regime",180,136190.257626512,"180"
"Saturation Regime 163","Saturation Regime",0,8150.23034673206,"0"
"Saturation Regime 163","Saturation Regime",30,335765.981207096,"30"
"Saturation Regime 163","Saturation Regime",60,469297.413737093,"60"
"Saturation Regime 163","Saturation Regime",90,611550.393217714,"90"
"Saturation Regime 163","Saturation Regime",120,662147.760473396,"120"
"Saturation Regime 163","Saturation Regime",150,711672.931452189,"150"
"Saturation Regime 163","Saturation Regime",180,740405.486716317,"180"
"Saturation Regime 164","Saturation Regime",0,3959.82647651443,"0"
"Saturation Regime 164","Saturation Regime",30,138530.306006877,"30"
"Saturation Regime 164","Saturation Regime",60,228088.23031909,"60"
"Saturation Regime 164","Saturation Regime",90,288384.165399917,"90"
"Saturation Regime 164","Saturation Regime",120,310619.800017383,"120"
"Saturation Regime 164","Saturation Regime",150,326138.805165137,"150"
"Saturation Regime 164","Saturation Regime",180,345467.908350614,"180"
"Saturation Regime 165","Saturation Regime",0,8262.3,"0"
"Saturation Regime 165","Saturation Regime",30,282385.165918314,"30"
"Saturation Regime 165","Saturation Regime",60,593369.580553093,"60"
"Saturation Regime 165","Saturation Regime",90,725367.276227703,"90"
"Saturation Regime 165","Saturation Regime",120,728801.55206313,"120"
"Saturation Regime 165","Saturation Regime",150,773985.320586453,"150"
"Saturation Regime 165","Saturation Regime",180,797341.028211626,"180"
"Saturation Regime 166","Saturation Regime",0,7317.53,"0"
"Saturation Regime 166","Saturation Regime",30,257205.851071535,"30"
"Saturation Regime 166","Saturation Regime",60,459939.193955301,"60"
"Saturation Regime 166","Saturation Regime",90,592919.47684278,"90"
"Saturation Regime 166","Saturation Regime",120,639639.393998496,"120"
"Saturation Regime 166","Saturation Regime",150,677707.019103623,"150"
"Saturation Regime 166","Saturation Regime",180,700204.681273693,"180"
"Saturation Regime 167","Saturation Regime",0,4412.93073664935,"0"
"Saturation Regime 167","Saturation Regime",30,142003.664492283,"30"
"Saturation Regime 167","Saturation Regime",60,253725.411064673,"60"
"Saturation Regime 167","Saturation Regime",90,307833.6676956,"90"
"Saturation Regime 167","Saturation Regime",120,343521.430920434,"120"
"Saturation Regime 167","Saturation Regime",150,370048.283701827,"150"
"Saturation Regime 167","Saturation Regime",180,374430.194467544,"180"
"Saturation Regime 168","Saturation Regime",0,8425.39,"0"
"Saturation Regime 168","Saturation Regime",30,313349.288102812,"30"
"Saturation Regime 168","Saturation Regime",60,562323.720295666,"60"
"Saturation Regime 168","Saturation Regime",90,652098.090527231,"90"
"Saturation Regime 168","Saturation Regime",120,744487.535400044,"120"
"Saturation Regime 168","Saturation Regime",150,780880.886696015,"150"
"Saturation Regime 168","Saturation Regime",180,799431.61970018,"180"
"Saturation Regime 169","Saturation Regime",0,5139.84005840752,"0"
"Saturation Regime 169","Saturation Regime",30,220875.505007423,"30"
"Saturation Regime 169","Saturation Regime",60,296142.491744086,"60"
"Saturation Regime 169","Saturation Regime",90,343757.243792728,"90"
"Saturation Regime 169","Saturation Regime",120,392696.353745053,"120"
"Saturation Regime 169","Saturation Regime",150,422551.258803847,"150"
"Saturation Regime 169","Saturation Regime",180,439225.60076714,"180"
"Saturation Regime 170","Saturation Regime",0,649.537424458485,"0"
"Saturation Regime 170","Saturation Regime",30,24569.4232370077,"30"
"Saturation Regime 170","Saturation Regime",60,34099.6861667127,"60"
"Saturation Regime 170","Saturation Regime",90,43930.9166082845,"90"
"Saturation Regime 170","Saturation Regime",120,49971.4070362775,"120"
"Saturation Regime 170","Saturation Regime",150,52049.2012300491,"150"
"Saturation Regime 170","Saturation Regime",180,53347.284554807,"180"
"Saturation Regime 171","Saturation Regime",0,1914.72,"0"
"Saturation Regime 171","Saturation Regime",30,70142.7499234963,"30"
"Saturation Regime 171","Saturation Regime",60,133562.63600489,"60"
"Saturation Regime 171","Saturation Regime",90,145585.543417985,"90"
"Saturation Regime 171","Saturation Regime",120,165386.044304671,"120"
"Saturation Regime 171","Saturation Regime",150,178942.45447984,"150"
"Saturation Regime 171","Saturation Regime",180,181875.551509652,"180"
"Saturation Regime 172","Saturation Regime",0,8162.14682418893,"0"
"Saturation Regime 172","Saturation Regime",30,321806.066785143,"30"
"Saturation Regime 172","Saturation Regime",60,499136.194122041,"60"
"Saturation Regime 172","Saturation Regime",90,602257.547289822,"90"
"Saturation Regime 172","Saturation Regime",120,663386.093056912,"120"
"Saturation Regime 172","Saturation Regime",150,698507.507568642,"150"
"Saturation Regime 172","Saturation Regime",180,706660.639286679,"180"
"Saturation Regime 173","Saturation Regime",0,5935.31670888747,"0"
"Saturation Regime 173","Saturation Regime",30,257294.791756926,"30"
"Saturation Regime 173","Saturation Regime",60,357992.75178634,"60"
"Saturation Regime 173","Saturation Regime",90,457013.600358343,"90"
"Saturation Regime 173","Saturation Regime",120,502991.041421593,"120"
"Saturation Regime 173","Saturation Regime",150,548077.242883453,"150"
"Saturation Regime 173","Saturation Regime",180,563564.109695416,"180"
"Saturation Regime 174","Saturation Regime",0,8261.71,"0"
"Saturation Regime 174","Saturation Regime",30,355923.287731202,"30"
"Saturation Regime 174","Saturation Regime",60,572233.45474875,"60"
"Saturation Regime 174","Saturation Regime",90,660247.005273358,"90"
"Saturation Regime 174","Saturation Regime",120,718536.059264207,"120"
"Saturation Regime 174","Saturation Regime",150,757957.891339497,"150"
"Saturation Regime 174","Saturation Regime",180,787769.072705025,"180"
"Saturation Regime 175","Saturation Regime",0,2875,"0"
"Saturation Regime 175","Saturation Regime",30,121510.390051618,"30"
"Saturation Regime 175","Saturation Regime",60,200542.95382576,"60"
"Saturation Regime 175","Saturation Regime",90,232643.697096093,"90"
"Saturation Regime 175","Saturation Regime",120,258914.821828889,"120"
"Saturation Regime 175","Saturation Regime",150,261995.427832124,"150"
"Saturation Regime 175","Saturation Regime",180,274810.364249767,"180"
"Saturation Regime 176","Saturation Regime",0,6769.84564221925,"0"
"Saturation Regime 176","Saturation Regime",30,231788.008043092,"30"
"Saturation Regime 176","Saturation Regime",60,424512.228741308,"60"
"Saturation Regime 176","Saturation Regime",90,500340.266462987,"90"
"Saturation Regime 176","Saturation Regime",120,550467.910841506,"120"
"Saturation Regime 176","Saturation Regime",150,581874.569797774,"150"
"Saturation Regime 176","Saturation Regime",180,596527.846489149,"180"
"Saturation Regime 177","Saturation Regime",0,5055.48951118057,"0"
"Saturation Regime 177","Saturation Regime",30,188563.446166821,"30"
"Saturation Regime 177","Saturation Regime",60,317688.669779582,"60"
"Saturation Regime 177","Saturation Regime",90,369945.143958275,"90"
"Saturation Regime 177","Saturation Regime",120,410177.05486187,"120"
"Saturation Regime 177","Saturation Regime",150,425346.918408393,"150"
"Saturation Regime 177","Saturation Regime",180,446032.853213435,"180"
"Saturation Regime 178","Saturation Regime",0,4706.45032763292,"0"
"Saturation Regime 178","Saturation Regime",30,171685.221069259,"30"
"Saturation Regime 178","Saturation Regime",60,269228.245511727,"60"
"Saturation Regime 178","Saturation Regime",90,340361.531625755,"90"
"Saturation Regime 178","Saturation Regime",120,356751.56409567,"120"
"Saturation Regime 178","Saturation Regime",150,390032.268549039,"150"
"Saturation Regime 178","Saturation Regime",180,401282.29279589,"180"
"Saturation Regime 179","Saturation Regime",0,7547.2933095578,"0"
"Saturation Regime 179","Saturation Regime",30,240028.040287442,"30"
"Saturation Regime 179","Saturation Regime",60,483712.946998952,"60"
"Saturation Regime 179","Saturation Regime",90,560993.798892826,"90"
"Saturation Regime 179","Saturation Regime",120,620883.321149931,"120"
"Saturation Regime 179","Saturation Regime",150,664214.074346977,"150"
"Saturation Regime 179","Saturation Regime",180,691211.292557165,"180"
"Saturation Regime 180","Saturation Regime",0,5365.3481357768,"0"
"Saturation Regime 180","Saturation Regime",30,211456.014281553,"30"
"Saturation Regime 180","Saturation Regime",60,303971.852864395,"60"
"Saturation Regime 180","Saturation Regime",90,372846.037833016,"90"
"Saturation Regime 180","Saturation Regime",120,419625.509735262,"120"
"Saturation Regime 180","Saturation Regime",150,462663.958219435,"150"
"Saturation Regime 180","Saturation Regime",180,474344.554271409,"180"
"Saturation Regime 181","Saturation Regime",0,3354.79125133074,"0"
"Saturation Regime 181","Saturation Regime",30,137657.8211324,"30"
"Saturation Regime 181","Saturation Regime",60,216053.899865896,"60"
"Saturation Regime 181","Saturation Regime",90,242004.070119358,"90"
"Saturation Regime 181","Saturation Regime",120,274184.093729333,"120"
"Saturation Regime 181","Saturation Regime",150,289653.696708742,"150"
"Saturation Regime 181","Saturation Regime",180,298606.654257566,"180"
"Saturation Regime 182","Saturation Regime",0,5636.06468227703,"0"
"Saturation Regime 182","Saturation Regime",30,203026.651402037,"30"
"Saturation Regime 182","Saturation Regime",60,359813.177058461,"60"
"Saturation Regime 182","Saturation Regime",90,428211.872057834,"90"
"Saturation Regime 182","Saturation Regime",120,471502.284596595,"120"
"Saturation Regime 182","Saturation Regime",150,494634.928980321,"150"
"Saturation Regime 182","Saturation Regime",180,507275.66604324,"180"
"Saturation Regime 183","Saturation Regime",0,9005.38478999601,"0"
"Saturation Regime 183","Saturation Regime",30,343691.055953783,"30"
"Saturation Regime 183","Saturation Regime",60,511007.386469564,"60"
"Saturation Regime 183","Saturation Regime",90,643873.644733722,"90"
"Saturation Regime 183","Saturation Regime",120,700840.762609884,"120"
"Saturation Regime 183","Saturation Regime",150,750636.041798565,"150"
"Saturation Regime 183","Saturation Regime",180,781742.144043391,"180"
"Saturation Regime 184","Saturation Regime",0,4710.37,"0"
"Saturation Regime 184","Saturation Regime",30,214082.973209673,"30"
"Saturation Regime 184","Saturation Regime",60,298626.624197914,"60"
"Saturation Regime 184","Saturation Regime",90,353185.157502358,"90"
"Saturation Regime 184","Saturation Regime",120,413081.290378678,"120"
"Saturation Regime 184","Saturation Regime",150,443468.884231188,"150"
"Saturation Regime 184","Saturation Regime",180,452953.157871971,"180"
"Saturation Regime 185","Saturation Regime",0,9422.974550931,"0"
"Saturation Regime 185","Saturation Regime",30,309569.837783316,"30"
"Saturation Regime 185","Saturation Regime",60,543636.946692162,"60"
"Saturation Regime 185","Saturation Regime",90,625677.062031488,"90"
"Saturation Regime 185","Saturation Regime",120,704268.808050057,"120"
"Saturation Regime 185","Saturation Regime",150,761664.850482448,"150"
"Saturation Regime 185","Saturation Regime",180,772151.524208719,"180"
"Saturation Regime 186","Saturation Regime",0,5286.87,"0"
"Saturation Regime 186","Saturation Regime",30,203936.149068379,"30"
"Saturation Regime 186","Saturation Regime",60,386541.984290798,"60"
"Saturation Regime 186","Saturation Regime",90,406210.939459678,"90"
"Saturation Regime 186","Saturation Regime",120,466403.74108945,"120"
"Saturation Regime 186","Saturation Regime",150,495482.52153558,"150"
"Saturation Regime 186","Saturation Regime",180,509538.493207572,"180"
"Saturation Regime 187","Saturation Regime",0,1340.31,"0"
"Saturation Regime 187","Saturation Regime",30,51531.6869059921,"30"
"Saturation Regime 187","Saturation Regime",60,86198.7265676104,"60"
"Saturation Regime 187","Saturation Regime",90,103607.618810213,"90"
"Saturation Regime 187","Saturation Regime",120,119124.872669895,"120"
"Saturation Regime 187","Saturation Regime",150,125917.992447781,"150"
"Saturation Regime 187","Saturation Regime",180,130081.917313149,"180"
"Saturation Regime 188","Saturation Regime",0,7176.61,"0"
"Saturation Regime 188","Saturation Regime",30,324131.895606014,"30"
"Saturation Regime 188","Saturation Regime",60,491087.414652765,"60"
"Saturation Regime 188","Saturation Regime",90,566404.922427341,"90"
"Saturation Regime 188","Saturation Regime",120,612788.970499988,"120"
"Saturation Regime 188","Saturation Regime",150,671647.184382342,"150"
"Saturation Regime 188","Saturation Regime",180,692150.821167717,"180"
"Saturation Regime 189","Saturation Regime",0,7584.5771559551,"0"
"Saturation Regime 189","Saturation Regime",30,284038.973734949,"30"
"Saturation Regime 189","Saturation Regime",60,475415.798199847,"60"
"Saturation Regime 189","Saturation Regime",90,556527.992857549,"90"
"Saturation Regime 189","Saturation Regime",120,613476.110173106,"120"
"Saturation Regime 189","Saturation Regime",150,652914.372081199,"150"
"Saturation Regime 189","Saturation Regime",180,671495.805307674,"180"
"Saturation Regime 190","Saturation Regime",0,748.29,"0"
"Saturation Regime 190","Saturation Regime",30,30983.9161648004,"30"
"Saturation Regime 190","Saturation Regime",60,49432.6183707974,"60"
"Saturation Regime 190","Saturation Regime",90,62296.2091552149,"90"
"Saturation Regime 190","Saturation Regime",120,64133.205357836,"120"
"Saturation Regime 190","Saturation Regime",150,69313.1670213738,"150"
"Saturation Regime 190","Saturation Regime",180,71942.1845733081,"180"
"Saturation Regime 191","Saturation Regime",0,8114.55841411579,"0"
"Saturation Regime 191","Saturation Regime",30,315846.888482107,"30"
"Saturation Regime 191","Saturation Regime",60,490809.380383721,"60"
"Saturation Regime 191","Saturation Regime",90,614498.211762082,"90"
"Saturation Regime 191","Saturation Regime",120,682714.039673064,"120"
"Saturation Regime 191","Saturation Regime",150,707039.57699356,"150"
"Saturation Regime 191","Saturation Regime",180,731557.104493012,"180"
"Saturation Regime 192","Saturation Regime",0,10300.7629158535,"0"
"Saturation Regime 192","Saturation Regime",30,422713.928018478,"30"
"Saturation Regime 192","Saturation Regime",60,616245.576363982,"60"
"Saturation Regime 192","Saturation Regime",90,737216.379495817,"90"
"Saturation Regime 192","Saturation Regime",120,837458.068448198,"120"
"Saturation Regime 192","Saturation Regime",150,864291.864380814,"150"
"Saturation Regime 192","Saturation Regime",180,898925.979529733,"180"
"Saturation Regime 193","Saturation Regime",0,4466.57437917652,"0"
"Saturation Regime 193","Saturation Regime",30,146577.039917074,"30"
"Saturation Regime 193","Saturation Regime",60,265965.346355464,"60"
"Saturation Regime 193","Saturation Regime",90,325231.20010725,"90"
"Saturation Regime 193","Saturation Regime",120,354752.124526779,"120"
"Saturation Regime 193","Saturation Regime",150,375747.087393036,"150"
"Saturation Regime 193","Saturation Regime",180,394337.044676624,"180"
"Saturation Regime 194","Saturation Regime",0,9757.08,"0"
"Saturation Regime 194","Saturation Regime",30,419366.139887283,"30"
"Saturation Regime 194","Saturation Regime",60,600816.985658146,"60"
"Saturation Regime 194","Saturation Regime",90,750681.698700118,"90"
"Saturation Regime 194","Saturation Regime",120,865610.522643402,"120"
"Saturation Regime 194","Saturation Regime",150,899046.723322718,"150"
"Saturation Regime 194","Saturation Regime",180,940218.541667372,"180"
"Saturation Regime 195","Saturation Regime",0,4480.70670694553,"0"
"Saturation Regime 195","Saturation Regime",30,164060.066939583,"30"
"Saturation Regime 195","Saturation Regime",60,255018.259571364,"60"
"Saturation Regime 195","Saturation Regime",90,339250.461384676,"90"
"Saturation Regime 195","Saturation Regime",120,366290.205486327,"120"
"Saturation Regime 195","Saturation Regime",150,384270.821793012,"150"
"Saturation Regime 195","Saturation Regime",180,397593.596499954,"180"
"Saturation Regime 196","Saturation Regime",0,2027.48,"0"
"Saturation Regime 196","Saturation Regime",30,78479.9634975841,"30"
"Saturation Regime 196","Saturation Regime",60,128241.501607257,"60"
"Saturation Regime 196","Saturation Regime",90,153342.737943808,"90"
"Saturation Regime 196","Saturation Regime",120,180823.475644151,"120"
"Saturation Regime 196","Saturation Regime",150,188596.598714838,"150"
"Saturation Regime 196","Saturation Regime",180,194401.905129524,"180"
"Saturation Regime 197","Saturation Regime",0,8404.3,"0"
"Saturation Regime 197","Saturation Regime",30,323050.669231126,"30"
"Saturation Regime 197","Saturation Regime",60,573586.853779413,"60"
"Saturation Regime 197","Saturation Regime",90,638897.578721021,"90"
"Saturation Regime 197","Saturation Regime",120,744453.976137117,"120"
"Saturation Regime 197","Saturation Regime",150,773502.933220198,"150"
"Saturation Regime 197","Saturation Regime",180,806218.641748967,"180"
"Saturation Regime 198","Saturation Regime",0,3118.99,"0"
"Saturation Regime 198","Saturation Regime",30,149326.12366014,"30"
"Saturation Regime 198","Saturation Regime",60,210924.015877417,"60"
"Saturation Regime 198","Saturation Regime",90,231627.808463738,"90"
"Saturation Regime 198","Saturation Regime",120,274716.025321232,"120"
"Saturation Regime 198","Saturation Regime",150,288122.62999313,"150"
"Saturation Regime 198","Saturation Regime",180,296505.504011773,"180"
"Saturation Regime 199","Saturation Regime",0,8967.17856364958,"0"
"Saturation Regime 199","Saturation Regime",30,354008.811844433,"30"
"Saturation Regime 199","Saturation Regime",60,633904.124969774,"60"
"Saturation Regime 199","Saturation Regime",90,651095.213583095,"90"
"Saturation Regime 199","Saturation Regime",120,784868.189590805,"120"
"Saturation Regime 199","Saturation Regime",150,814105.787920686,"150"
"Saturation Regime 199","Saturation Regime",180,845933.675100385,"180"
"Saturation Regime 200","Saturation Regime",0,8568.14,"0"
"Saturation Regime 200","Saturation Regime",30,301686.01025964,"30"
"Saturation Regime 200","Saturation Regime",60,553884.980240406,"60"
"Saturation Regime 200","Saturation Regime",90,733127.090493953,"90"
"Saturation Regime 200","Saturation Regime",120,766489.572881331,"120"
"Saturation Regime 200","Saturation Regime",150,809701.00544558,"150"
"Saturation Regime 200","Saturation Regime",180,825239.112042379,"180"
